case_type,entity_m49,analytical_scope_code,review_status,publication_decision,reviewer_name,review_date,review_rationale,approved_display_name,approved_narrative_scope,additional_limitations,evidence_verified,prohibited_claims_verified
COUNTRY_FOOD,040,CF09_FBS2558,PENDING_REVIEW,HOLD,,,,,,,False,False
COUNTRY_FOOD,048,CF04_FBS2513,PENDING_REVIEW,HOLD,,,,,,,False,False
COUNTRY_FOOD,048,CF08_FBS2571,PENDING_REVIEW,HOLD,,,,,,,False,False
COUNTRY_FOOD,048,CF14_FBS2602,PENDING_REVIEW,HOLD,,,,,,,False,False
COUNTRY_FOOD,051,CF02_FBS2514,PENDING_REVIEW,HOLD,,,,,,,False,False
COUNTRY_FOOD,051,CF11_FBS2573,PENDING_REVIEW,HOLD,,,,,,,False,False
COUNTRY_FOOD,051,CF12_FBS2615,PENDING_REVIEW,HOLD,,,,,,,False,False
COUNTRY_FOOD,052,CF02_FBS2514,PENDING_REVIEW,HOLD,,,,,,,False,False
COUNTRY_FOOD,056,CF04_FBS2513,PENDING_REVIEW,HOLD,,,,,,,False,False
COUNTRY_FOOD,056,CF05_FBS2518,PENDING_REVIEW,HOLD,,,,,,,False,False
COUNTRY_FOOD,056,CF08_FBS2571,PENDING_REVIEW,HOLD,,,,,,,False,False
COUNTRY_FOOD,056,CF10_FBS2577,PENDING_REVIEW,HOLD,,,,,,,False,False
COUNTRY_FOOD,056,CF11_FBS2573,PENDING_REVIEW,HOLD,,,,,,,False,False
COUNTRY_FOOD,070,CF09_FBS2558,PENDING_REVIEW,HOLD,,,,,,,False,False
COUNTRY_FOOD,072,CF05_FBS2518,PENDING_REVIEW,HOLD,,,,,,,False,False
COUNTRY_FOOD,072,CF08_FBS2555,PENDING_REVIEW,HOLD,,,,,,,False,False
COUNTRY_FOOD,072,CF11_FBS2573,PENDING_REVIEW,HOLD,,,,,,,False,False
COUNTRY_FOOD,072,CF12_FBS2615,PENDING_REVIEW,HOLD,,,,,,,False,False
COUNTRY_FOOD,100,CF10_FBS2577,PENDING_REVIEW,HOLD,,,,,,,False,False
COUNTRY_FOOD,100,CF11_FBS2573,PENDING_REVIEW,HOLD,,,,,,,False,False
COUNTRY_FOOD,124,CF05_FBS2518,PENDING_REVIEW,HOLD,,,,,,,False,False
COUNTRY_FOOD,124,CF14_FBS2602,PENDING_REVIEW,HOLD,,,,,,,False,False
COUNTRY_FOOD,144,CF14_FBS2602,PENDING_REVIEW,HOLD,,,,,,,False,False
COUNTRY_FOOD,156,CF10_FBS2577,PENDING_REVIEW,HOLD,,,,,,,False,False
COUNTRY_FOOD,158,CF09_FBS2574,PENDING_REVIEW,HOLD,,,,,,,False,False
COUNTRY_FOOD,158,CF10_FBS2577,PENDING_REVIEW,HOLD,,,,,,,False,False
COUNTRY_FOOD,170,CF04_FBS2513,PENDING_REVIEW,HOLD,,,,,,,False,False
COUNTRY_FOOD,170,CF08_FBS2555,PENDING_REVIEW,HOLD,,,,,,,False,False
COUNTRY_FOOD,170,CF11_FBS2573,PENDING_REVIEW,HOLD,,,,,,,False,False
COUNTRY_FOOD,188,CF02_FBS2514,PENDING_REVIEW,HOLD,,,,,,,False,False
COUNTRY_FOOD,188,CF08_FBS2555,REVIEW_COMPLETE,APPROVED_FOR_INTERNAL_PRESENTATION,Nikhita Dasari,2026-09-15,Selected because the country-food signal is CONSISTENTLY_HIGH across all six model scenarios and observed soybean imports are highly concentrated in one immediate trade partner.,Costa Rica — Soybean import concentration,Use as a country-level example of stable import vulnerability combined with high observed supplier concentration. The United States represented approximately 97% of pooled observed supplier share for this analytical scope during 2021-2023.,"Observed supplier relationships represent immediate trade partners, not agricultural origin. Do not interpret static removal results as a prediction of food shortage or disruption.",True,True
COUNTRY_FOOD,191,CF11_FBS2573,PENDING_REVIEW,HOLD,,,,,,,False,False
COUNTRY_FOOD,196,CF02_FBS2514,PENDING_REVIEW,HOLD,,,,,,,False,False
COUNTRY_FOOD,214,CF08_FBS2555,PENDING_REVIEW,HOLD,,,,,,,False,False
COUNTRY_FOOD,218,CF08_FBS2571,PENDING_REVIEW,HOLD,,,,,,,False,False
COUNTRY_FOOD,218,CF11_FBS2573,PENDING_REVIEW,HOLD,,,,,,,False,False
COUNTRY_FOOD,233,CF02_FBS2514,PENDING_REVIEW,HOLD,,,,,,,False,False
COUNTRY_FOOD,242,CF08_FBS2571,PENDING_REVIEW,HOLD,,,,,,,False,False
COUNTRY_FOOD,242,CF14_FBS2602,PENDING_REVIEW,HOLD,,,,,,,False,False
COUNTRY_FOOD,246,CF02_FBS2514,PENDING_REVIEW,HOLD,,,,,,,False,False
COUNTRY_FOOD,246,CF14_FBS2602,PENDING_REVIEW,HOLD,,,,,,,False,False
COUNTRY_FOOD,266,CF14_FBS2602,PENDING_REVIEW,HOLD,,,,,,,False,False
COUNTRY_FOOD,268,CF11_FBS2573,PENDING_REVIEW,HOLD,,,,,,,False,False
COUNTRY_FOOD,268,CF12_FBS2615,PENDING_REVIEW,HOLD,,,,,,,False,False
COUNTRY_FOOD,300,CF09_FBS2558,PENDING_REVIEW,HOLD,,,,,,,False,False
COUNTRY_FOOD,300,CF10_FBS2577,PENDING_REVIEW,HOLD,,,,,,,False,False
COUNTRY_FOOD,300,CF12_FBS2615,PENDING_REVIEW,HOLD,,,,,,,False,False
COUNTRY_FOOD,320,CF09_FBS2574,PENDING_REVIEW,HOLD,,,,,,,False,False
COUNTRY_FOOD,328,CF02_FBS2514,PENDING_REVIEW,HOLD,,,,,,,False,False
COUNTRY_FOOD,344,CF08_FBS2555,PENDING_REVIEW,HOLD,,,,,,,False,False
COUNTRY_FOOD,344,CF08_FBS2571,PENDING_REVIEW,HOLD,,,,,,,False,False
COUNTRY_FOOD,344,CF14_FBS2602,PENDING_REVIEW,HOLD,,,,,,,False,False
COUNTRY_FOOD,352,CF09_FBS2574,PENDING_REVIEW,HOLD,,,,,,,False,False
COUNTRY_FOOD,352,CF12_FBS2615,PENDING_REVIEW,HOLD,,,,,,,False,False
COUNTRY_FOOD,352,CF14_FBS2602,PENDING_REVIEW,HOLD,,,,,,,False,False
COUNTRY_FOOD,360,CF09_FBS2558,PENDING_REVIEW,HOLD,,,,,,,False,False
COUNTRY_FOOD,372,CF02_FBS2514,PENDING_REVIEW,HOLD,,,,,,,False,False
COUNTRY_FOOD,372,CF08_FBS2555,PENDING_REVIEW,HOLD,,,,,,,False,False
COUNTRY_FOOD,372,CF08_FBS2571,PENDING_REVIEW,HOLD,,,,,,,False,False
COUNTRY_FOOD,372,CF09_FBS2574,PENDING_REVIEW,HOLD,,,,,,,False,False
COUNTRY_FOOD,388,CF08_FBS2571,PENDING_REVIEW,HOLD,,,,,,,False,False
COUNTRY_FOOD,388,CF14_FBS2602,PENDING_REVIEW,HOLD,,,,,,,False,False
COUNTRY_FOOD,398,CF12_FBS2615,PENDING_REVIEW,HOLD,,,,,,,False,False
COUNTRY_FOOD,400,CF08_FBS2555,PENDING_REVIEW,HOLD,,,,,,,False,False
COUNTRY_FOOD,404,CF08_FBS2571,PENDING_REVIEW,HOLD,,,,,,,False,False
COUNTRY_FOOD,404,CF10_FBS2577,PENDING_REVIEW,HOLD,,,,,,,False,False
COUNTRY_FOOD,410,CF09_FBS2574,PENDING_REVIEW,HOLD,,,,,,,False,False
COUNTRY_FOOD,414,CF02_FBS2514,PENDING_REVIEW,HOLD,,,,,,,False,False
COUNTRY_FOOD,422,CF08_FBS2555,PENDING_REVIEW,HOLD,,,,,,,False,False
COUNTRY_FOOD,428,CF09_FBS2558,PENDING_REVIEW,HOLD,,,,,,,False,False
COUNTRY_FOOD,440,CF08_FBS2571,PENDING_REVIEW,HOLD,,,,,,,False,False
COUNTRY_FOOD,440,CF12_FBS2615,PENDING_REVIEW,HOLD,,,,,,,False,False
COUNTRY_FOOD,442,CF09_FBS2558,PENDING_REVIEW,HOLD,,,,,,,False,False
COUNTRY_FOOD,442,CF12_FBS2615,PENDING_REVIEW,HOLD,,,,,,,False,False
COUNTRY_FOOD,446,CF14_FBS2602,PENDING_REVIEW,HOLD,,,,,,,False,False
COUNTRY_FOOD,450,CF08_FBS2571,PENDING_REVIEW,HOLD,,,,,,,False,False
COUNTRY_FOOD,454,CF10_FBS2577,PENDING_REVIEW,HOLD,,,,,,,False,False
COUNTRY_FOOD,458,CF02_FBS2514,PENDING_REVIEW,HOLD,,,,,,,False,False
COUNTRY_FOOD,458,CF09_FBS2558,PENDING_REVIEW,HOLD,,,,,,,False,False
COUNTRY_FOOD,458,CF09_FBS2574,PENDING_REVIEW,HOLD,,,,,,,False,False
COUNTRY_FOOD,458,CF14_FBS2602,PENDING_REVIEW,HOLD,,,,,,,False,False
COUNTRY_FOOD,470,CF02_FBS2514,PENDING_REVIEW,HOLD,,,,,,,False,False
COUNTRY_FOOD,484,CF02_FBS2514,PENDING_REVIEW,HOLD,,,,,,,False,False
COUNTRY_FOOD,484,CF11_FBS2573,PENDING_REVIEW,HOLD,,,,,,,False,False
COUNTRY_FOOD,498,CF08_FBS2555,PENDING_REVIEW,HOLD,,,,,,,False,False
COUNTRY_FOOD,498,CF11_FBS2573,PENDING_REVIEW,HOLD,,,,,,,False,False
COUNTRY_FOOD,508,CF11_FBS2573,PENDING_REVIEW,HOLD,,,,,,,False,False
COUNTRY_FOOD,508,CF14_FBS2602,PENDING_REVIEW,HOLD,,,,,,,False,False
COUNTRY_FOOD,512,CF09_FBS2574,PENDING_REVIEW,HOLD,,,,,,,False,False
COUNTRY_FOOD,512,CF10_FBS2577,REVIEW_COMPLETE,APPROVED_FOR_INTERNAL_PRESENTATION,Nikhita Dasari,2026-09-15,Selected because the palm-oil country-food signal is CONSISTENTLY_HIGH across all six scenarios and the dominant observed supplier is also part of a strong systemic supplier-food signal.,Oman — Palm oil import concentration,Use to connect country-level vulnerability with broader supplier-network reach. Indonesia represented approximately 71% of Oman's pooled observed supplier share for this palm-oil scope during 2021-2023.,"Gross import reliance can exceed 100% because the metric uses the FBS domestic-supply denominator and may reflect trade, processing, re-export, or accounting structure. Do not interpret the ratio as a literal percent of consumption supplied by imports.",True,True
COUNTRY_FOOD,516,CF10_FBS2577,PENDING_REVIEW,HOLD,,,,,,,False,False
COUNTRY_FOOD,516,CF11_FBS2573,PENDING_REVIEW,HOLD,,,,,,,False,False
COUNTRY_FOOD,516,CF12_FBS2615,PENDING_REVIEW,HOLD,,,,,,,False,False
COUNTRY_FOOD,528,CF05_FBS2518,PENDING_REVIEW,HOLD,,,,,,,False,False
COUNTRY_FOOD,528,CF09_FBS2574,PENDING_REVIEW,HOLD,,,,,,,False,False
COUNTRY_FOOD,528,CF11_FBS2573,PENDING_REVIEW,HOLD,,,,,,,False,False
COUNTRY_FOOD,554,CF08_FBS2571,PENDING_REVIEW,HOLD,,,,,,,False,False
COUNTRY_FOOD,554,CF09_FBS2574,PENDING_REVIEW,HOLD,,,,,,,False,False
COUNTRY_FOOD,591,CF08_FBS2555,PENDING_REVIEW,HOLD,,,,,,,False,False
COUNTRY_FOOD,604,CF02_FBS2514,PENDING_REVIEW,HOLD,,,,,,,False,False
COUNTRY_FOOD,608,CF08_FBS2555,PENDING_REVIEW,HOLD,,,,,,,False,False
COUNTRY_FOOD,616,CF08_FBS2571,PENDING_REVIEW,HOLD,,,,,,,False,False
COUNTRY_FOOD,616,CF11_FBS2573,PENDING_REVIEW,HOLD,,,,,,,False,False
COUNTRY_FOOD,620,CF10_FBS2577,PENDING_REVIEW,HOLD,,,,,,,False,False
COUNTRY_FOOD,620,CF14_FBS2602,PENDING_REVIEW,HOLD,,,,,,,False,False
COUNTRY_FOOD,682,CF09_FBS2574,PENDING_REVIEW,HOLD,,,,,,,False,False
COUNTRY_FOOD,682,CF11_FBS2573,PENDING_REVIEW,HOLD,,,,,,,False,False
COUNTRY_FOOD,686,CF14_FBS2602,PENDING_REVIEW,HOLD,,,,,,,False,False
COUNTRY_FOOD,703,CF12_FBS2615,PENDING_REVIEW,HOLD,,,,,,,False,False
COUNTRY_FOOD,704,CF10_FBS2577,PENDING_REVIEW,HOLD,,,,,,,False,False
COUNTRY_FOOD,705,CF02_FBS2514,PENDING_REVIEW,HOLD,,,,,,,False,False
COUNTRY_FOOD,705,CF08_FBS2555,PENDING_REVIEW,HOLD,,,,,,,False,False
COUNTRY_FOOD,705,CF08_FBS2571,PENDING_REVIEW,HOLD,,,,,,,False,False
COUNTRY_FOOD,705,CF12_FBS2615,PENDING_REVIEW,HOLD,,,,,,,False,False
COUNTRY_FOOD,710,CF10_FBS2577,PENDING_REVIEW,HOLD,,,,,,,False,False
COUNTRY_FOOD,724,CF05_FBS2518,PENDING_REVIEW,HOLD,,,,,,,False,False
COUNTRY_FOOD,748,CF02_FBS2514,PENDING_REVIEW,HOLD,,,,,,,False,False
COUNTRY_FOOD,752,CF08_FBS2571,PENDING_REVIEW,HOLD,,,,,,,False,False
COUNTRY_FOOD,752,CF10_FBS2577,PENDING_REVIEW,HOLD,,,,,,,False,False
COUNTRY_FOOD,752,CF11_FBS2573,PENDING_REVIEW,HOLD,,,,,,,False,False
COUNTRY_FOOD,764,CF08_FBS2555,PENDING_REVIEW,HOLD,,,,,,,False,False
COUNTRY_FOOD,764,CF09_FBS2574,PENDING_REVIEW,HOLD,,,,,,,False,False
COUNTRY_FOOD,784,CF04_FBS2513,PENDING_REVIEW,HOLD,,,,,,,False,False
COUNTRY_FOOD,784,CF05_FBS2518,PENDING_REVIEW,HOLD,,,,,,,False,False
COUNTRY_FOOD,784,CF08_FBS2571,PENDING_REVIEW,HOLD,,,,,,,False,False
COUNTRY_FOOD,784,CF09_FBS2558,PENDING_REVIEW,HOLD,,,,,,,False,False
COUNTRY_FOOD,784,CF10_FBS2577,PENDING_REVIEW,HOLD,,,,,,,False,False
COUNTRY_FOOD,784,CF14_FBS2602,PENDING_REVIEW,HOLD,,,,,,,False,False
COUNTRY_FOOD,792,CF10_FBS2577,REVIEW_COMPLETE,APPROVED_FOR_INTERNAL_PRESENTATION,Nikhita Dasari,2026-09-15,Selected because the country-food signal is CONSISTENTLY_HIGH across all six scenarios and the dominant observed supplier is itself a CONSISTENT_SYSTEMIC_SIGNAL supplier-food node.,Türkiye — Palm oil import concentration,Use alongside Oman to show that palm-oil vulnerability can connect multiple importers to systemically important supplier-food nodes. Malaysia represented approximately 80% of Türkiye's pooled observed supplier share for this scope during 2021-2023.,"Supplier is an observed immediate trade partner, not necessarily the agricultural origin. Static removal tests do not model substitution or behavioral response.",True,True
COUNTRY_FOOD,792,CF11_FBS2573,PENDING_REVIEW,HOLD,,,,,,,False,False
COUNTRY_FOOD,800,CF04_FBS2513,PENDING_REVIEW,HOLD,,,,,,,False,False
COUNTRY_FOOD,807,CF10_FBS2577,PENDING_REVIEW,HOLD,,,,,,,False,False
COUNTRY_FOOD,826,CF05_FBS2518,PENDING_REVIEW,HOLD,,,,,,,False,False
COUNTRY_FOOD,826,CF08_FBS2555,PENDING_REVIEW,HOLD,,,,,,,False,False
COUNTRY_FOOD,834,CF08_FBS2571,PENDING_REVIEW,HOLD,,,,,,,False,False
COUNTRY_FOOD,840,CF09_FBS2574,PENDING_REVIEW,HOLD,,,,,,,False,False
COUNTRY_FOOD,840,CF10_FBS2577,PENDING_REVIEW,HOLD,,,,,,,False,False
COUNTRY_FOOD,854,CF10_FBS2577,PENDING_REVIEW,HOLD,,,,,,,False,False
COUNTRY_FOOD,858,CF05_FBS2518,PENDING_REVIEW,HOLD,,,,,,,False,False
COUNTRY_FOOD,858,CF11_FBS2573,PENDING_REVIEW,HOLD,,,,,,,False,False
COUNTRY_FOOD,860,CF04_FBS2513,PENDING_REVIEW,HOLD,,,,,,,False,False
COUNTRY_FOOD,860,CF12_FBS2615,PENDING_REVIEW,HOLD,,,,,,,False,False
COUNTRY_FOOD,882,CF14_FBS2602,REVIEW_COMPLETE,APPROVED_FOR_INTERNAL_PRESENTATION,Nikhita Dasari,2026-09-15,Selected as a clear and interpretable example of extreme observed supplier concentration with a CONSISTENTLY_HIGH country-food signal across all six model scenarios.,Samoa — Onion supplier concentration,Use as an intuitive country-level concentration example. New Zealand represented approximately 99% of pooled observed supplier share for Samoa's onion analytical scope during 2021-2023.,"The analysis describes the observed trade network only. It does not model inventory, domestic substitutes, alternative suppliers, prices, logistics, or policy response.",True,True
SUPPLIER_FOOD,004,CF14_FBS2602,PENDING_REVIEW,HOLD,,,,,,,False,False
SUPPLIER_FOOD,032,CF02_FBS2514,PENDING_REVIEW,HOLD,,,,,,,False,False
SUPPLIER_FOOD,032,CF04_FBS2513,PENDING_REVIEW,HOLD,,,,,,,False,False
SUPPLIER_FOOD,032,CF05_FBS2518,PENDING_REVIEW,HOLD,,,,,,,False,False
SUPPLIER_FOOD,032,CF08_FBS2555,PENDING_REVIEW,HOLD,,,,,,,False,False
SUPPLIER_FOOD,032,CF08_FBS2571,PENDING_REVIEW,HOLD,,,,,,,False,False
SUPPLIER_FOOD,032,CF11_FBS2573,PENDING_REVIEW,HOLD,,,,,,,False,False
SUPPLIER_FOOD,036,CF02_FBS2514,PENDING_REVIEW,HOLD,,,,,,,False,False
SUPPLIER_FOOD,036,CF04_FBS2513,PENDING_REVIEW,HOLD,,,,,,,False,False
SUPPLIER_FOOD,036,CF05_FBS2518,PENDING_REVIEW,HOLD,,,,,,,False,False
SUPPLIER_FOOD,036,CF09_FBS2558,PENDING_REVIEW,HOLD,,,,,,,False,False
SUPPLIER_FOOD,036,CF09_FBS2574,PENDING_REVIEW,HOLD,,,,,,,False,False
SUPPLIER_FOOD,036,CF14_FBS2602,PENDING_REVIEW,HOLD,,,,,,,False,False
SUPPLIER_FOOD,040,CF08_FBS2555,PENDING_REVIEW,HOLD,,,,,,,False,False
SUPPLIER_FOOD,040,CF14_FBS2602,PENDING_REVIEW,HOLD,,,,,,,False,False
SUPPLIER_FOOD,050,CF09_FBS2574,PENDING_REVIEW,HOLD,,,,,,,False,False
SUPPLIER_FOOD,056,CF08_FBS2571,PENDING_REVIEW,HOLD,,,,,,,False,False
SUPPLIER_FOOD,056,CF09_FBS2574,PENDING_REVIEW,HOLD,,,,,,,False,False
SUPPLIER_FOOD,056,CF10_FBS2577,PENDING_REVIEW,HOLD,,,,,,,False,False
SUPPLIER_FOOD,056,CF11_FBS2573,PENDING_REVIEW,HOLD,,,,,,,False,False
SUPPLIER_FOOD,056,CF12_FBS2615,PENDING_REVIEW,HOLD,,,,,,,False,False
SUPPLIER_FOOD,056,CF14_FBS2602,PENDING_REVIEW,HOLD,,,,,,,False,False
SUPPLIER_FOOD,068,CF08_FBS2555,PENDING_REVIEW,HOLD,,,,,,,False,False
SUPPLIER_FOOD,068,CF08_FBS2571,PENDING_REVIEW,HOLD,,,,,,,False,False
SUPPLIER_FOOD,068,CF11_FBS2573,PENDING_REVIEW,HOLD,,,,,,,False,False
SUPPLIER_FOOD,070,CF11_FBS2573,PENDING_REVIEW,HOLD,,,,,,,False,False
SUPPLIER_FOOD,072,CF05_FBS2518,PENDING_REVIEW,HOLD,,,,,,,False,False
SUPPLIER_FOOD,076,CF02_FBS2514,PENDING_REVIEW,HOLD,,,,,,,False,False
SUPPLIER_FOOD,076,CF05_FBS2518,PENDING_REVIEW,HOLD,,,,,,,False,False
SUPPLIER_FOOD,076,CF08_FBS2555,PENDING_REVIEW,HOLD,,,,,,,False,False
SUPPLIER_FOOD,076,CF08_FBS2571,PENDING_REVIEW,HOLD,,,,,,,False,False
SUPPLIER_FOOD,076,CF14_FBS2602,PENDING_REVIEW,HOLD,,,,,,,False,False
SUPPLIER_FOOD,084,CF12_FBS2615,PENDING_REVIEW,HOLD,,,,,,,False,False
SUPPLIER_FOOD,100,CF02_FBS2514,PENDING_REVIEW,HOLD,,,,,,,False,False
SUPPLIER_FOOD,100,CF04_FBS2513,PENDING_REVIEW,HOLD,,,,,,,False,False
SUPPLIER_FOOD,100,CF09_FBS2558,PENDING_REVIEW,HOLD,,,,,,,False,False
SUPPLIER_FOOD,100,CF11_FBS2573,PENDING_REVIEW,HOLD,,,,,,,False,False
SUPPLIER_FOOD,104,CF02_FBS2514,PENDING_REVIEW,HOLD,,,,,,,False,False
SUPPLIER_FOOD,112,CF09_FBS2574,PENDING_REVIEW,HOLD,,,,,,,False,False
SUPPLIER_FOOD,124,CF02_FBS2514,PENDING_REVIEW,HOLD,,,,,,,False,False
SUPPLIER_FOOD,124,CF04_FBS2513,PENDING_REVIEW,HOLD,,,,,,,False,False
SUPPLIER_FOOD,124,CF08_FBS2555,PENDING_REVIEW,HOLD,,,,,,,False,False
SUPPLIER_FOOD,124,CF08_FBS2571,PENDING_REVIEW,HOLD,,,,,,,False,False
SUPPLIER_FOOD,124,CF09_FBS2558,PENDING_REVIEW,HOLD,,,,,,,False,False
SUPPLIER_FOOD,124,CF09_FBS2574,PENDING_REVIEW,HOLD,,,,,,,False,False
SUPPLIER_FOOD,156,CF05_FBS2518,PENDING_REVIEW,HOLD,,,,,,,False,False
SUPPLIER_FOOD,156,CF08_FBS2555,PENDING_REVIEW,HOLD,,,,,,,False,False
SUPPLIER_FOOD,156,CF08_FBS2571,PENDING_REVIEW,HOLD,,,,,,,False,False
SUPPLIER_FOOD,156,CF09_FBS2574,PENDING_REVIEW,HOLD,,,,,,,False,False
SUPPLIER_FOOD,156,CF10_FBS2577,PENDING_REVIEW,HOLD,,,,,,,False,False
SUPPLIER_FOOD,156,CF14_FBS2602,PENDING_REVIEW,HOLD,,,,,,,False,False
SUPPLIER_FOOD,170,CF10_FBS2577,PENDING_REVIEW,HOLD,,,,,,,False,False
SUPPLIER_FOOD,170,CF12_FBS2615,PENDING_REVIEW,HOLD,,,,,,,False,False
SUPPLIER_FOOD,188,CF10_FBS2577,PENDING_REVIEW,HOLD,,,,,,,False,False
SUPPLIER_FOOD,188,CF12_FBS2615,PENDING_REVIEW,HOLD,,,,,,,False,False
SUPPLIER_FOOD,191,CF02_FBS2514,PENDING_REVIEW,HOLD,,,,,,,False,False
SUPPLIER_FOOD,191,CF08_FBS2555,PENDING_REVIEW,HOLD,,,,,,,False,False
SUPPLIER_FOOD,191,CF11_FBS2573,PENDING_REVIEW,HOLD,,,,,,,False,False
SUPPLIER_FOOD,203,CF02_FBS2514,PENDING_REVIEW,HOLD,,,,,,,False,False
SUPPLIER_FOOD,203,CF04_FBS2513,PENDING_REVIEW,HOLD,,,,,,,False,False
SUPPLIER_FOOD,203,CF09_FBS2574,PENDING_REVIEW,HOLD,,,,,,,False,False
SUPPLIER_FOOD,203,CF11_FBS2573,PENDING_REVIEW,HOLD,,,,,,,False,False
SUPPLIER_FOOD,203,CF12_FBS2615,PENDING_REVIEW,HOLD,,,,,,,False,False
SUPPLIER_FOOD,208,CF04_FBS2513,PENDING_REVIEW,HOLD,,,,,,,False,False
SUPPLIER_FOOD,208,CF08_FBS2555,PENDING_REVIEW,HOLD,,,,,,,False,False
SUPPLIER_FOOD,208,CF09_FBS2574,PENDING_REVIEW,HOLD,,,,,,,False,False
SUPPLIER_FOOD,208,CF10_FBS2577,PENDING_REVIEW,HOLD,,,,,,,False,False
SUPPLIER_FOOD,214,CF12_FBS2615,PENDING_REVIEW,HOLD,,,,,,,False,False
SUPPLIER_FOOD,218,CF10_FBS2577,PENDING_REVIEW,HOLD,,,,,,,False,False
SUPPLIER_FOOD,218,CF12_FBS2615,PENDING_REVIEW,HOLD,,,,,,,False,False
SUPPLIER_FOOD,233,CF04_FBS2513,PENDING_REVIEW,HOLD,,,,,,,False,False
SUPPLIER_FOOD,233,CF09_FBS2558,PENDING_REVIEW,HOLD,,,,,,,False,False
SUPPLIER_FOOD,233,CF09_FBS2574,PENDING_REVIEW,HOLD,,,,,,,False,False
SUPPLIER_FOOD,246,CF12_FBS2615,PENDING_REVIEW,HOLD,,,,,,,False,False
SUPPLIER_FOOD,250,CF02_FBS2514,PENDING_REVIEW,HOLD,,,,,,,False,False
SUPPLIER_FOOD,250,CF04_FBS2513,PENDING_REVIEW,HOLD,,,,,,,False,False
SUPPLIER_FOOD,250,CF05_FBS2518,PENDING_REVIEW,HOLD,,,,,,,False,False
SUPPLIER_FOOD,250,CF08_FBS2555,PENDING_REVIEW,HOLD,,,,,,,False,False
SUPPLIER_FOOD,250,CF09_FBS2558,PENDING_REVIEW,HOLD,,,,,,,False,False
SUPPLIER_FOOD,250,CF09_FBS2574,PENDING_REVIEW,HOLD,,,,,,,False,False
SUPPLIER_FOOD,250,CF11_FBS2573,PENDING_REVIEW,HOLD,,,,,,,False,False
SUPPLIER_FOOD,250,CF12_FBS2615,PENDING_REVIEW,HOLD,,,,,,,False,False
SUPPLIER_FOOD,250,CF14_FBS2602,PENDING_REVIEW,HOLD,,,,,,,False,False
SUPPLIER_FOOD,276,CF02_FBS2514,PENDING_REVIEW,HOLD,,,,,,,False,False
SUPPLIER_FOOD,276,CF04_FBS2513,PENDING_REVIEW,HOLD,,,,,,,False,False
SUPPLIER_FOOD,276,CF05_FBS2518,PENDING_REVIEW,HOLD,,,,,,,False,False
SUPPLIER_FOOD,276,CF08_FBS2555,PENDING_REVIEW,HOLD,,,,,,,False,False
SUPPLIER_FOOD,276,CF08_FBS2571,PENDING_REVIEW,HOLD,,,,,,,False,False
SUPPLIER_FOOD,276,CF09_FBS2558,PENDING_REVIEW,HOLD,,,,,,,False,False
SUPPLIER_FOOD,276,CF09_FBS2574,PENDING_REVIEW,HOLD,,,,,,,False,False
SUPPLIER_FOOD,276,CF10_FBS2577,PENDING_REVIEW,HOLD,,,,,,,False,False
SUPPLIER_FOOD,276,CF11_FBS2573,PENDING_REVIEW,HOLD,,,,,,,False,False
SUPPLIER_FOOD,276,CF12_FBS2615,PENDING_REVIEW,HOLD,,,,,,,False,False
SUPPLIER_FOOD,276,CF14_FBS2602,PENDING_REVIEW,HOLD,,,,,,,False,False
SUPPLIER_FOOD,288,CF10_FBS2577,PENDING_REVIEW,HOLD,,,,,,,False,False
SUPPLIER_FOOD,300,CF10_FBS2577,PENDING_REVIEW,HOLD,,,,,,,False,False
SUPPLIER_FOOD,300,CF12_FBS2615,PENDING_REVIEW,HOLD,,,,,,,False,False
SUPPLIER_FOOD,320,CF10_FBS2577,PENDING_REVIEW,HOLD,,,,,,,False,False
SUPPLIER_FOOD,320,CF12_FBS2615,PENDING_REVIEW,HOLD,,,,,,,False,False
SUPPLIER_FOOD,340,CF08_FBS2555,PENDING_REVIEW,HOLD,,,,,,,False,False
SUPPLIER_FOOD,340,CF10_FBS2577,PENDING_REVIEW,HOLD,,,,,,,False,False
SUPPLIER_FOOD,340,CF12_FBS2615,PENDING_REVIEW,HOLD,,,,,,,False,False
SUPPLIER_FOOD,348,CF02_FBS2514,PENDING_REVIEW,HOLD,,,,,,,False,False
SUPPLIER_FOOD,348,CF04_FBS2513,PENDING_REVIEW,HOLD,,,,,,,False,False
SUPPLIER_FOOD,348,CF05_FBS2518,PENDING_REVIEW,HOLD,,,,,,,False,False
SUPPLIER_FOOD,348,CF08_FBS2571,PENDING_REVIEW,HOLD,,,,,,,False,False
SUPPLIER_FOOD,348,CF09_FBS2558,PENDING_REVIEW,HOLD,,,,,,,False,False
SUPPLIER_FOOD,348,CF09_FBS2574,PENDING_REVIEW,HOLD,,,,,,,False,False
SUPPLIER_FOOD,348,CF11_FBS2573,PENDING_REVIEW,HOLD,,,,,,,False,False
SUPPLIER_FOOD,356,CF02_FBS2514,PENDING_REVIEW,HOLD,,,,,,,False,False
SUPPLIER_FOOD,356,CF05_FBS2518,PENDING_REVIEW,HOLD,,,,,,,False,False
SUPPLIER_FOOD,356,CF08_FBS2555,PENDING_REVIEW,HOLD,,,,,,,False,False
SUPPLIER_FOOD,356,CF12_FBS2615,PENDING_REVIEW,HOLD,,,,,,,False,False
SUPPLIER_FOOD,356,CF14_FBS2602,PENDING_REVIEW,HOLD,,,,,,,False,False
SUPPLIER_FOOD,360,CF10_FBS2577,REVIEW_COMPLETE,APPROVED_FOR_INTERNAL_PRESENTATION,Nikhita Dasari,2026-09-15,Selected because the supplier-food node is a CONSISTENT_SYSTEMIC_SIGNAL near the top of the within-scope systemic distribution and has broad observed importer reach.,Indonesia — Palm oil systemic reach,"Use as one half of the palm-oil systemic concentration story. Indonesia is observed across 78 importer networks for this analytical scope, including 17 importers with elevated country-food signals. Across static removal tests, 101 observed importer-year edges lost more than 50% of their recorded supplier share when Indonesia was removed.","Removal tests are static diagnostics only. No supplier substitution, inventory, rerouting, price response, domestic production response, or policy intervention is modeled.",True,True
SUPPLIER_FOOD,364,CF14_FBS2602,PENDING_REVIEW,HOLD,,,,,,,False,False
SUPPLIER_FOOD,380,CF08_FBS2555,PENDING_REVIEW,HOLD,,,,,,,False,False
SUPPLIER_FOOD,380,CF08_FBS2571,PENDING_REVIEW,HOLD,,,,,,,False,False
SUPPLIER_FOOD,380,CF10_FBS2577,PENDING_REVIEW,HOLD,,,,,,,False,False
SUPPLIER_FOOD,380,CF11_FBS2573,PENDING_REVIEW,HOLD,,,,,,,False,False
SUPPLIER_FOOD,380,CF12_FBS2615,PENDING_REVIEW,HOLD,,,,,,,False,False
SUPPLIER_FOOD,384,CF10_FBS2577,PENDING_REVIEW,HOLD,,,,,,,False,False
SUPPLIER_FOOD,398,CF04_FBS2513,PENDING_REVIEW,HOLD,,,,,,,False,False
SUPPLIER_FOOD,398,CF08_FBS2555,PENDING_REVIEW,HOLD,,,,,,,False,False
SUPPLIER_FOOD,398,CF11_FBS2573,PENDING_REVIEW,HOLD,,,,,,,False,False
SUPPLIER_FOOD,398,CF14_FBS2602,PENDING_REVIEW,HOLD,,,,,,,False,False
SUPPLIER_FOOD,404,CF04_FBS2513,PENDING_REVIEW,HOLD,,,,,,,False,False
SUPPLIER_FOOD,418,CF12_FBS2615,PENDING_REVIEW,HOLD,,,,,,,False,False
SUPPLIER_FOOD,428,CF02_FBS2514,PENDING_REVIEW,HOLD,,,,,,,False,False
SUPPLIER_FOOD,428,CF04_FBS2513,PENDING_REVIEW,HOLD,,,,,,,False,False
SUPPLIER_FOOD,428,CF09_FBS2558,PENDING_REVIEW,HOLD,,,,,,,False,False
SUPPLIER_FOOD,428,CF12_FBS2615,PENDING_REVIEW,HOLD,,,,,,,False,False
SUPPLIER_FOOD,428,CF14_FBS2602,PENDING_REVIEW,HOLD,,,,,,,False,False
SUPPLIER_FOOD,440,CF02_FBS2514,PENDING_REVIEW,HOLD,,,,,,,False,False
SUPPLIER_FOOD,440,CF04_FBS2513,PENDING_REVIEW,HOLD,,,,,,,False,False
SUPPLIER_FOOD,440,CF09_FBS2558,PENDING_REVIEW,HOLD,,,,,,,False,False
SUPPLIER_FOOD,440,CF11_FBS2573,PENDING_REVIEW,HOLD,,,,,,,False,False
SUPPLIER_FOOD,440,CF12_FBS2615,PENDING_REVIEW,HOLD,,,,,,,False,False
SUPPLIER_FOOD,458,CF08_FBS2571,PENDING_REVIEW,HOLD,,,,,,,False,False
SUPPLIER_FOOD,458,CF09_FBS2574,PENDING_REVIEW,HOLD,,,,,,,False,False
SUPPLIER_FOOD,458,CF10_FBS2577,REVIEW_COMPLETE,APPROVED_FOR_INTERNAL_PRESENTATION,Nikhita Dasari,2026-09-15,Selected because the supplier-food node is a CONSISTENT_SYSTEMIC_SIGNAL near the top of the within-scope systemic distribution and complements the Indonesia palm-oil result.,Malaysia — Palm oil systemic reach,"Use together with Indonesia to illustrate systemic concentration in the observed palm-oil trade network. Malaysia is observed across 76 importer networks for this scope, including 17 importers with elevated country-food signals. In 94 static removal tests, the removed supplier share exceeded 50%.",Observed exporter relationships do not establish agricultural origin. Removal results describe the recorded network and are not disruption forecasts.,True,True
SUPPLIER_FOOD,458,CF11_FBS2573,PENDING_REVIEW,HOLD,,,,,,,False,False
SUPPLIER_FOOD,484,CF12_FBS2615,PENDING_REVIEW,HOLD,,,,,,,False,False
SUPPLIER_FOOD,484,CF14_FBS2602,PENDING_REVIEW,HOLD,,,,,,,False,False
SUPPLIER_FOOD,498,CF02_FBS2514,PENDING_REVIEW,HOLD,,,,,,,False,False
SUPPLIER_FOOD,498,CF04_FBS2513,PENDING_REVIEW,HOLD,,,,,,,False,False
SUPPLIER_FOOD,498,CF09_FBS2558,PENDING_REVIEW,HOLD,,,,,,,False,False
SUPPLIER_FOOD,508,CF08_FBS2555,PENDING_REVIEW,HOLD,,,,,,,False,False
SUPPLIER_FOOD,508,CF12_FBS2615,PENDING_REVIEW,HOLD,,,,,,,False,False
SUPPLIER_FOOD,512,CF10_FBS2577,PENDING_REVIEW,HOLD,,,,,,,False,False
SUPPLIER_FOOD,512,CF11_FBS2573,PENDING_REVIEW,HOLD,,,,,,,False,False
SUPPLIER_FOOD,528,CF08_FBS2555,PENDING_REVIEW,HOLD,,,,,,,False,False
SUPPLIER_FOOD,528,CF08_FBS2571,PENDING_REVIEW,HOLD,,,,,,,False,False
SUPPLIER_FOOD,528,CF09_FBS2574,PENDING_REVIEW,HOLD,,,,,,,False,False
SUPPLIER_FOOD,528,CF10_FBS2577,PENDING_REVIEW,HOLD,,,,,,,False,False
SUPPLIER_FOOD,528,CF11_FBS2573,PENDING_REVIEW,HOLD,,,,,,,False,False
SUPPLIER_FOOD,528,CF12_FBS2615,PENDING_REVIEW,HOLD,,,,,,,False,False
SUPPLIER_FOOD,528,CF14_FBS2602,PENDING_REVIEW,HOLD,,,,,,,False,False
SUPPLIER_FOOD,554,CF14_FBS2602,REVIEW_COMPLETE,APPROVED_FOR_INTERNAL_PRESENTATION,Nikhita Dasari,2026-09-15,Selected because the supplier-food node is a CONSISTENT_SYSTEMIC_SIGNAL and links the highly concentrated Samoa case to a broader importer network.,New Zealand — Onion systemic reach,"Use with the Samoa example to distinguish bilateral concentration from supplier-network reach. New Zealand is observed supplying this onion scope to 32 importers, including 13 with elevated analytical signals.","Importer count measures observed network breadth, not the number of countries predicted to experience disruption.",True,True
SUPPLIER_FOOD,566,CF08_FBS2555,PENDING_REVIEW,HOLD,,,,,,,False,False
SUPPLIER_FOOD,566,CF14_FBS2602,PENDING_REVIEW,HOLD,,,,,,,False,False
SUPPLIER_FOOD,578,CF08_FBS2571,PENDING_REVIEW,HOLD,,,,,,,False,False
SUPPLIER_FOOD,586,CF02_FBS2514,PENDING_REVIEW,HOLD,,,,,,,False,False
SUPPLIER_FOOD,586,CF14_FBS2602,PENDING_REVIEW,HOLD,,,,,,,False,False
SUPPLIER_FOOD,591,CF10_FBS2577,PENDING_REVIEW,HOLD,,,,,,,False,False
SUPPLIER_FOOD,591,CF12_FBS2615,PENDING_REVIEW,HOLD,,,,,,,False,False
SUPPLIER_FOOD,598,CF10_FBS2577,PENDING_REVIEW,HOLD,,,,,,,False,False
SUPPLIER_FOOD,600,CF02_FBS2514,PENDING_REVIEW,HOLD,,,,,,,False,False
SUPPLIER_FOOD,600,CF05_FBS2518,PENDING_REVIEW,HOLD,,,,,,,False,False
SUPPLIER_FOOD,600,CF08_FBS2555,PENDING_REVIEW,HOLD,,,,,,,False,False
SUPPLIER_FOOD,600,CF08_FBS2571,PENDING_REVIEW,HOLD,,,,,,,False,False
SUPPLIER_FOOD,604,CF14_FBS2602,PENDING_REVIEW,HOLD,,,,,,,False,False
SUPPLIER_FOOD,608,CF12_FBS2615,PENDING_REVIEW,HOLD,,,,,,,False,False
SUPPLIER_FOOD,616,CF02_FBS2514,PENDING_REVIEW,HOLD,,,,,,,False,False
SUPPLIER_FOOD,616,CF04_FBS2513,PENDING_REVIEW,HOLD,,,,,,,False,False
SUPPLIER_FOOD,616,CF08_FBS2555,PENDING_REVIEW,HOLD,,,,,,,False,False
SUPPLIER_FOOD,616,CF09_FBS2558,PENDING_REVIEW,HOLD,,,,,,,False,False
SUPPLIER_FOOD,616,CF09_FBS2574,PENDING_REVIEW,HOLD,,,,,,,False,False
SUPPLIER_FOOD,616,CF10_FBS2577,PENDING_REVIEW,HOLD,,,,,,,False,False
SUPPLIER_FOOD,616,CF11_FBS2573,PENDING_REVIEW,HOLD,,,,,,,False,False
SUPPLIER_FOOD,616,CF12_FBS2615,PENDING_REVIEW,HOLD,,,,,,,False,False
SUPPLIER_FOOD,616,CF14_FBS2602,PENDING_REVIEW,HOLD,,,,,,,False,False
SUPPLIER_FOOD,620,CF08_FBS2571,PENDING_REVIEW,HOLD,,,,,,,False,False
SUPPLIER_FOOD,642,CF02_FBS2514,PENDING_REVIEW,HOLD,,,,,,,False,False
SUPPLIER_FOOD,642,CF04_FBS2513,PENDING_REVIEW,HOLD,,,,,,,False,False
SUPPLIER_FOOD,642,CF08_FBS2555,PENDING_REVIEW,HOLD,,,,,,,False,False
SUPPLIER_FOOD,642,CF08_FBS2571,PENDING_REVIEW,HOLD,,,,,,,False,False
SUPPLIER_FOOD,642,CF09_FBS2558,PENDING_REVIEW,HOLD,,,,,,,False,False
SUPPLIER_FOOD,642,CF09_FBS2574,PENDING_REVIEW,HOLD,,,,,,,False,False
SUPPLIER_FOOD,642,CF11_FBS2573,PENDING_REVIEW,HOLD,,,,,,,False,False
SUPPLIER_FOOD,642,CF12_FBS2615,PENDING_REVIEW,HOLD,,,,,,,False,False
SUPPLIER_FOOD,643,CF02_FBS2514,PENDING_REVIEW,HOLD,,,,,,,False,False
SUPPLIER_FOOD,643,CF04_FBS2513,PENDING_REVIEW,HOLD,,,,,,,False,False
SUPPLIER_FOOD,643,CF05_FBS2518,PENDING_REVIEW,HOLD,,,,,,,False,False
SUPPLIER_FOOD,643,CF08_FBS2555,PENDING_REVIEW,HOLD,,,,,,,False,False
SUPPLIER_FOOD,643,CF08_FBS2571,PENDING_REVIEW,HOLD,,,,,,,False,False
SUPPLIER_FOOD,643,CF09_FBS2558,PENDING_REVIEW,HOLD,,,,,,,False,False
SUPPLIER_FOOD,643,CF09_FBS2574,PENDING_REVIEW,HOLD,,,,,,,False,False
SUPPLIER_FOOD,643,CF10_FBS2577,PENDING_REVIEW,HOLD,,,,,,,False,False
SUPPLIER_FOOD,643,CF11_FBS2573,PENDING_REVIEW,HOLD,,,,,,,False,False
SUPPLIER_FOOD,643,CF12_FBS2615,PENDING_REVIEW,HOLD,,,,,,,False,False
SUPPLIER_FOOD,643,CF14_FBS2602,PENDING_REVIEW,HOLD,,,,,,,False,False
SUPPLIER_FOOD,682,CF08_FBS2571,PENDING_REVIEW,HOLD,,,,,,,False,False
SUPPLIER_FOOD,682,CF10_FBS2577,PENDING_REVIEW,HOLD,,,,,,,False,False
SUPPLIER_FOOD,682,CF11_FBS2573,PENDING_REVIEW,HOLD,,,,,,,False,False
SUPPLIER_FOOD,688,CF02_FBS2514,PENDING_REVIEW,HOLD,,,,,,,False,False
SUPPLIER_FOOD,688,CF08_FBS2555,PENDING_REVIEW,HOLD,,,,,,,False,False
SUPPLIER_FOOD,688,CF08_FBS2571,PENDING_REVIEW,HOLD,,,,,,,False,False
SUPPLIER_FOOD,688,CF09_FBS2558,PENDING_REVIEW,HOLD,,,,,,,False,False
SUPPLIER_FOOD,688,CF11_FBS2573,PENDING_REVIEW,HOLD,,,,,,,False,False
SUPPLIER_FOOD,688,CF14_FBS2602,PENDING_REVIEW,HOLD,,,,,,,False,False
SUPPLIER_FOOD,694,CF10_FBS2577,PENDING_REVIEW,HOLD,,,,,,,False,False
SUPPLIER_FOOD,702,CF09_FBS2574,PENDING_REVIEW,HOLD,,,,,,,False,False
SUPPLIER_FOOD,702,CF10_FBS2577,PENDING_REVIEW,HOLD,,,,,,,False,False
SUPPLIER_FOOD,703,CF02_FBS2514,PENDING_REVIEW,HOLD,,,,,,,False,False
SUPPLIER_FOOD,703,CF05_FBS2518,PENDING_REVIEW,HOLD,,,,,,,False,False
SUPPLIER_FOOD,703,CF08_FBS2555,PENDING_REVIEW,HOLD,,,,,,,False,False
SUPPLIER_FOOD,703,CF09_FBS2558,PENDING_REVIEW,HOLD,,,,,,,False,False
SUPPLIER_FOOD,705,CF12_FBS2615,PENDING_REVIEW,HOLD,,,,,,,False,False
SUPPLIER_FOOD,710,CF02_FBS2514,PENDING_REVIEW,HOLD,,,,,,,False,False
SUPPLIER_FOOD,710,CF05_FBS2518,PENDING_REVIEW,HOLD,,,,,,,False,False
SUPPLIER_FOOD,710,CF08_FBS2555,PENDING_REVIEW,HOLD,,,,,,,False,False
SUPPLIER_FOOD,710,CF10_FBS2577,PENDING_REVIEW,HOLD,,,,,,,False,False
SUPPLIER_FOOD,710,CF11_FBS2573,PENDING_REVIEW,HOLD,,,,,,,False,False
SUPPLIER_FOOD,710,CF12_FBS2615,PENDING_REVIEW,HOLD,,,,,,,False,False
SUPPLIER_FOOD,710,CF14_FBS2602,PENDING_REVIEW,HOLD,,,,,,,False,False
SUPPLIER_FOOD,716,CF08_FBS2555,PENDING_REVIEW,HOLD,,,,,,,False,False
SUPPLIER_FOOD,724,CF05_FBS2518,PENDING_REVIEW,HOLD,,,,,,,False,False
SUPPLIER_FOOD,724,CF08_FBS2571,PENDING_REVIEW,HOLD,,,,,,,False,False
SUPPLIER_FOOD,724,CF10_FBS2577,PENDING_REVIEW,HOLD,,,,,,,False,False
SUPPLIER_FOOD,724,CF11_FBS2573,PENDING_REVIEW,HOLD,,,,,,,False,False
SUPPLIER_FOOD,724,CF12_FBS2615,PENDING_REVIEW,HOLD,,,,,,,False,False
SUPPLIER_FOOD,724,CF14_FBS2602,PENDING_REVIEW,HOLD,,,,,,,False,False
SUPPLIER_FOOD,729,CF05_FBS2518,PENDING_REVIEW,HOLD,,,,,,,False,False
SUPPLIER_FOOD,729,CF14_FBS2602,PENDING_REVIEW,HOLD,,,,,,,False,False
SUPPLIER_FOOD,752,CF04_FBS2513,PENDING_REVIEW,HOLD,,,,,,,False,False
SUPPLIER_FOOD,752,CF10_FBS2577,PENDING_REVIEW,HOLD,,,,,,,False,False
SUPPLIER_FOOD,752,CF12_FBS2615,PENDING_REVIEW,HOLD,,,,,,,False,False
SUPPLIER_FOOD,764,CF08_FBS2571,PENDING_REVIEW,HOLD,,,,,,,False,False
SUPPLIER_FOOD,768,CF08_FBS2555,PENDING_REVIEW,HOLD,,,,,,,False,False
SUPPLIER_FOOD,768,CF10_FBS2577,PENDING_REVIEW,HOLD,,,,,,,False,False
SUPPLIER_FOOD,784,CF04_FBS2513,PENDING_REVIEW,HOLD,,,,,,,False,False
SUPPLIER_FOOD,784,CF08_FBS2571,PENDING_REVIEW,HOLD,,,,,,,False,False
SUPPLIER_FOOD,784,CF09_FBS2574,PENDING_REVIEW,HOLD,,,,,,,False,False
SUPPLIER_FOOD,784,CF10_FBS2577,PENDING_REVIEW,HOLD,,,,,,,False,False
SUPPLIER_FOOD,784,CF11_FBS2573,PENDING_REVIEW,HOLD,,,,,,,False,False
SUPPLIER_FOOD,792,CF08_FBS2571,PENDING_REVIEW,HOLD,,,,,,,False,False
SUPPLIER_FOOD,792,CF11_FBS2573,PENDING_REVIEW,HOLD,,,,,,,False,False
SUPPLIER_FOOD,792,CF14_FBS2602,PENDING_REVIEW,HOLD,,,,,,,False,False
SUPPLIER_FOOD,800,CF05_FBS2518,PENDING_REVIEW,HOLD,,,,,,,False,False
SUPPLIER_FOOD,800,CF08_FBS2571,PENDING_REVIEW,HOLD,,,,,,,False,False
SUPPLIER_FOOD,804,CF02_FBS2514,PENDING_REVIEW,HOLD,,,,,,,False,False
SUPPLIER_FOOD,804,CF04_FBS2513,PENDING_REVIEW,HOLD,,,,,,,False,False
SUPPLIER_FOOD,804,CF05_FBS2518,PENDING_REVIEW,HOLD,,,,,,,False,False
SUPPLIER_FOOD,804,CF08_FBS2555,PENDING_REVIEW,HOLD,,,,,,,False,False
SUPPLIER_FOOD,804,CF08_FBS2571,PENDING_REVIEW,HOLD,,,,,,,False,False
SUPPLIER_FOOD,804,CF09_FBS2558,PENDING_REVIEW,HOLD,,,,,,,False,False
SUPPLIER_FOOD,804,CF09_FBS2574,PENDING_REVIEW,HOLD,,,,,,,False,False
SUPPLIER_FOOD,804,CF11_FBS2573,PENDING_REVIEW,HOLD,,,,,,,False,False
SUPPLIER_FOOD,818,CF08_FBS2571,PENDING_REVIEW,HOLD,,,,,,,False,False
SUPPLIER_FOOD,818,CF10_FBS2577,PENDING_REVIEW,HOLD,,,,,,,False,False
SUPPLIER_FOOD,818,CF11_FBS2573,PENDING_REVIEW,HOLD,,,,,,,False,False
SUPPLIER_FOOD,818,CF14_FBS2602,PENDING_REVIEW,HOLD,,,,,,,False,False
SUPPLIER_FOOD,826,CF02_FBS2514,PENDING_REVIEW,HOLD,,,,,,,False,False
SUPPLIER_FOOD,826,CF04_FBS2513,PENDING_REVIEW,HOLD,,,,,,,False,False
SUPPLIER_FOOD,826,CF08_FBS2571,PENDING_REVIEW,HOLD,,,,,,,False,False
SUPPLIER_FOOD,826,CF09_FBS2574,PENDING_REVIEW,HOLD,,,,,,,False,False
SUPPLIER_FOOD,826,CF11_FBS2573,PENDING_REVIEW,HOLD,,,,,,,False,False
SUPPLIER_FOOD,834,CF02_FBS2514,PENDING_REVIEW,HOLD,,,,,,,False,False
SUPPLIER_FOOD,834,CF05_FBS2518,PENDING_REVIEW,HOLD,,,,,,,False,False
SUPPLIER_FOOD,834,CF14_FBS2602,PENDING_REVIEW,HOLD,,,,,,,False,False
SUPPLIER_FOOD,840,CF02_FBS2514,PENDING_REVIEW,HOLD,,,,,,,False,False
SUPPLIER_FOOD,840,CF05_FBS2518,PENDING_REVIEW,HOLD,,,,,,,False,False
SUPPLIER_FOOD,840,CF08_FBS2555,REVIEW_COMPLETE,APPROVED_FOR_INTERNAL_PRESENTATION,Nikhita Dasari,2026-09-15,Selected because the supplier-food node is a CONSISTENT_SYSTEMIC_SIGNAL with an average systemic percentile of 1.00 and observed relationships with 58 importers.,United States — Soybean systemic reach,Use as a supplier-network example connected to the Costa Rica soybean case. Twelve connected importers have elevated country-food signals. Static removal tests also include three importer-food-year networks where removing the U.S. edge left no other observed supplier.,The three zero-remaining-supplier observations refer only to the observed network in the dataset. They do not imply that those importers would have no soybean supply after an actual disruption.,True,True
SUPPLIER_FOOD,840,CF08_FBS2571,PENDING_REVIEW,HOLD,,,,,,,False,False
SUPPLIER_FOOD,840,CF09_FBS2558,PENDING_REVIEW,HOLD,,,,,,,False,False
SUPPLIER_FOOD,840,CF09_FBS2574,PENDING_REVIEW,HOLD,,,,,,,False,False
SUPPLIER_FOOD,840,CF11_FBS2573,PENDING_REVIEW,HOLD,,,,,,,False,False
SUPPLIER_FOOD,840,CF14_FBS2602,PENDING_REVIEW,HOLD,,,,,,,False,False
SUPPLIER_FOOD,858,CF08_FBS2555,PENDING_REVIEW,HOLD,,,,,,,False,False
SUPPLIER_FOOD,860,CF14_FBS2602,PENDING_REVIEW,HOLD,,,,,,,False,False
SUPPLIER_FOOD,894,CF02_FBS2514,PENDING_REVIEW,HOLD,,,,,,,False,False
SUPPLIER_FOOD,894,CF08_FBS2555,PENDING_REVIEW,HOLD,,,,,,,False,False
