entity_m49,entity_name,country_governance_decision,reviewer,review_date,decision_rationale,evidence_reference
008,Albania,APPROVED,Lalithendra Chowdari Mandava,2026-08-20,Approved under the standard country eligibility policy: atomic entity with observed importer-network capability during the 2021-2023 baseline.,unified_geography_capability.csv;core_food_supplier_network_summary.csv
024,Angola,APPROVED,Lalithendra Chowdari Mandava,2026-08-20,Approved under the standard country eligibility policy: atomic entity with observed importer-network capability during the 2021-2023 baseline.,unified_geography_capability.csv;core_food_supplier_network_summary.csv
028,Antigua and Barbuda,APPROVED,Lalithendra Chowdari Mandava,2026-08-20,Approved under the standard country eligibility policy: atomic entity with observed importer-network capability during the 2021-2023 baseline.,unified_geography_capability.csv;core_food_supplier_network_summary.csv
031,Azerbaijan,APPROVED,Lalithendra Chowdari Mandava,2026-08-20,Approved under the standard country eligibility policy: atomic entity with observed importer-network capability during the 2021-2023 baseline.,unified_geography_capability.csv;core_food_supplier_network_summary.csv
032,Argentina,APPROVED,Lalithendra Chowdari Mandava,2026-08-20,Approved under the standard country eligibility policy: atomic entity with observed importer-network capability during the 2021-2023 baseline.,unified_geography_capability.csv;core_food_supplier_network_summary.csv
036,Australia,APPROVED,Lalithendra Chowdari Mandava,2026-08-20,Approved under the standard country eligibility policy: atomic entity with observed importer-network capability during the 2021-2023 baseline.,unified_geography_capability.csv;core_food_supplier_network_summary.csv
040,Austria,APPROVED,Lalithendra Chowdari Mandava,2026-08-20,Approved under the standard country eligibility policy: atomic entity with observed importer-network capability during the 2021-2023 baseline.,unified_geography_capability.csv;core_food_supplier_network_summary.csv
044,Bahamas,APPROVED,Lalithendra Chowdari Mandava,2026-08-20,Approved under the standard country eligibility policy: atomic entity with observed importer-network capability during the 2021-2023 baseline.,unified_geography_capability.csv;core_food_supplier_network_summary.csv
048,Bahrain,APPROVED,Lalithendra Chowdari Mandava,2026-08-20,Approved under the standard country eligibility policy: atomic entity with observed importer-network capability during the 2021-2023 baseline.,unified_geography_capability.csv;core_food_supplier_network_summary.csv
051,Armenia,APPROVED,Lalithendra Chowdari Mandava,2026-08-20,Approved under the standard country eligibility policy: atomic entity with observed importer-network capability during the 2021-2023 baseline.,unified_geography_capability.csv;core_food_supplier_network_summary.csv
052,Barbados,APPROVED,Lalithendra Chowdari Mandava,2026-08-20,Approved under the standard country eligibility policy: atomic entity with observed importer-network capability during the 2021-2023 baseline.,unified_geography_capability.csv;core_food_supplier_network_summary.csv
056,Belgium,APPROVED,Lalithendra Chowdari Mandava,2026-08-20,Approved under the standard country eligibility policy: atomic entity with observed importer-network capability during the 2021-2023 baseline.,unified_geography_capability.csv;core_food_supplier_network_summary.csv
064,Bhutan,APPROVED,Lalithendra Chowdari Mandava,2026-08-20,Approved under the standard country eligibility policy: atomic entity with observed importer-network capability during the 2021-2023 baseline.,unified_geography_capability.csv;core_food_supplier_network_summary.csv
068,Bolivia (Plurinational State of),APPROVED,Lalithendra Chowdari Mandava,2026-08-20,Approved under the standard country eligibility policy: atomic entity with observed importer-network capability during the 2021-2023 baseline.,unified_geography_capability.csv;core_food_supplier_network_summary.csv
070,Bosnia and Herzegovina,APPROVED,Lalithendra Chowdari Mandava,2026-08-20,Approved under the standard country eligibility policy: atomic entity with observed importer-network capability during the 2021-2023 baseline.,unified_geography_capability.csv;core_food_supplier_network_summary.csv
072,Botswana,APPROVED,Lalithendra Chowdari Mandava,2026-08-20,Approved under the standard country eligibility policy: atomic entity with observed importer-network capability during the 2021-2023 baseline.,unified_geography_capability.csv;core_food_supplier_network_summary.csv
076,Brazil,APPROVED,Lalithendra Chowdari Mandava,2026-08-20,Approved under the standard country eligibility policy: atomic entity with observed importer-network capability during the 2021-2023 baseline.,unified_geography_capability.csv;core_food_supplier_network_summary.csv
084,Belize,APPROVED,Lalithendra Chowdari Mandava,2026-08-20,Approved under the standard country eligibility policy: atomic entity with observed importer-network capability during the 2021-2023 baseline.,unified_geography_capability.csv;core_food_supplier_network_summary.csv
100,Bulgaria,APPROVED,Lalithendra Chowdari Mandava,2026-08-20,Approved under the standard country eligibility policy: atomic entity with observed importer-network capability during the 2021-2023 baseline.,unified_geography_capability.csv;core_food_supplier_network_summary.csv
104,Myanmar,APPROVED,Lalithendra Chowdari Mandava,2026-08-20,Approved under the standard country eligibility policy: atomic entity with observed importer-network capability during the 2021-2023 baseline.,unified_geography_capability.csv;core_food_supplier_network_summary.csv
112,Belarus,APPROVED,Lalithendra Chowdari Mandava,2026-08-20,Approved under the standard country eligibility policy: atomic entity with observed importer-network capability during the 2021-2023 baseline.,unified_geography_capability.csv;core_food_supplier_network_summary.csv
116,Cambodia,APPROVED,Lalithendra Chowdari Mandava,2026-08-20,Approved under the standard country eligibility policy: atomic entity with observed importer-network capability during the 2021-2023 baseline.,unified_geography_capability.csv;core_food_supplier_network_summary.csv
120,Cameroon,APPROVED,Lalithendra Chowdari Mandava,2026-08-20,Approved under the standard country eligibility policy: atomic entity with observed importer-network capability during the 2021-2023 baseline.,unified_geography_capability.csv;core_food_supplier_network_summary.csv
124,Canada,APPROVED,Lalithendra Chowdari Mandava,2026-08-20,Approved under the standard country eligibility policy: atomic entity with observed importer-network capability during the 2021-2023 baseline.,unified_geography_capability.csv;core_food_supplier_network_summary.csv
132,Cabo Verde,APPROVED,Lalithendra Chowdari Mandava,2026-08-20,Approved under the standard country eligibility policy: atomic entity with observed importer-network capability during the 2021-2023 baseline.,unified_geography_capability.csv;core_food_supplier_network_summary.csv
144,Sri Lanka,APPROVED,Lalithendra Chowdari Mandava,2026-08-20,Approved under the standard country eligibility policy: atomic entity with observed importer-network capability during the 2021-2023 baseline.,unified_geography_capability.csv;core_food_supplier_network_summary.csv
152,Chile,APPROVED,Lalithendra Chowdari Mandava,2026-08-20,Approved under the standard country eligibility policy: atomic entity with observed importer-network capability during the 2021-2023 baseline.,unified_geography_capability.csv;core_food_supplier_network_summary.csv
156,"China, mainland",APPROVED,Lalithendra Chowdari Mandava,2026-08-20,Approved under the standard country eligibility policy: atomic entity with observed importer-network capability during the 2021-2023 baseline.,unified_geography_capability.csv;core_food_supplier_network_summary.csv
158,"China, Taiwan Province of",APPROVED,Lalithendra Chowdari Mandava,2026-08-20,Approved under the standard country eligibility policy: atomic entity with observed importer-network capability during the 2021-2023 baseline.,unified_geography_capability.csv;core_food_supplier_network_summary.csv
170,Colombia,APPROVED,Lalithendra Chowdari Mandava,2026-08-20,Approved under the standard country eligibility policy: atomic entity with observed importer-network capability during the 2021-2023 baseline.,unified_geography_capability.csv;core_food_supplier_network_summary.csv
174,Comoros,APPROVED,Lalithendra Chowdari Mandava,2026-08-20,Approved under the standard country eligibility policy: atomic entity with observed importer-network capability during the 2021-2023 baseline.,unified_geography_capability.csv;core_food_supplier_network_summary.csv
178,Congo,APPROVED,Lalithendra Chowdari Mandava,2026-08-20,Approved under the standard country eligibility policy: atomic entity with observed importer-network capability during the 2021-2023 baseline.,unified_geography_capability.csv;core_food_supplier_network_summary.csv
180,Democratic Republic of the Congo,APPROVED,Lalithendra Chowdari Mandava,2026-08-20,Approved under the standard country eligibility policy: atomic entity with observed importer-network capability during the 2021-2023 baseline.,unified_geography_capability.csv;core_food_supplier_network_summary.csv
188,Costa Rica,APPROVED,Lalithendra Chowdari Mandava,2026-08-20,Approved under the standard country eligibility policy: atomic entity with observed importer-network capability during the 2021-2023 baseline.,unified_geography_capability.csv;core_food_supplier_network_summary.csv
191,Croatia,APPROVED,Lalithendra Chowdari Mandava,2026-08-20,Approved under the standard country eligibility policy: atomic entity with observed importer-network capability during the 2021-2023 baseline.,unified_geography_capability.csv;core_food_supplier_network_summary.csv
196,Cyprus,APPROVED,Lalithendra Chowdari Mandava,2026-08-20,Approved under the standard country eligibility policy: atomic entity with observed importer-network capability during the 2021-2023 baseline.,unified_geography_capability.csv;core_food_supplier_network_summary.csv
203,Czechia,APPROVED,Lalithendra Chowdari Mandava,2026-08-20,Approved under the standard country eligibility policy: atomic entity with observed importer-network capability during the 2021-2023 baseline.,unified_geography_capability.csv;core_food_supplier_network_summary.csv
208,Denmark,APPROVED,Lalithendra Chowdari Mandava,2026-08-20,Approved under the standard country eligibility policy: atomic entity with observed importer-network capability during the 2021-2023 baseline.,unified_geography_capability.csv;core_food_supplier_network_summary.csv
214,Dominican Republic,APPROVED,Lalithendra Chowdari Mandava,2026-08-20,Approved under the standard country eligibility policy: atomic entity with observed importer-network capability during the 2021-2023 baseline.,unified_geography_capability.csv;core_food_supplier_network_summary.csv
218,Ecuador,APPROVED,Lalithendra Chowdari Mandava,2026-08-20,Approved under the standard country eligibility policy: atomic entity with observed importer-network capability during the 2021-2023 baseline.,unified_geography_capability.csv;core_food_supplier_network_summary.csv
222,El Salvador,APPROVED,Lalithendra Chowdari Mandava,2026-08-20,Approved under the standard country eligibility policy: atomic entity with observed importer-network capability during the 2021-2023 baseline.,unified_geography_capability.csv;core_food_supplier_network_summary.csv
231,Ethiopia,APPROVED,Lalithendra Chowdari Mandava,2026-08-20,Approved under the standard country eligibility policy: atomic entity with observed importer-network capability during the 2021-2023 baseline.,unified_geography_capability.csv;core_food_supplier_network_summary.csv
233,Estonia,APPROVED,Lalithendra Chowdari Mandava,2026-08-20,Approved under the standard country eligibility policy: atomic entity with observed importer-network capability during the 2021-2023 baseline.,unified_geography_capability.csv;core_food_supplier_network_summary.csv
242,Fiji,APPROVED,Lalithendra Chowdari Mandava,2026-08-20,Approved under the standard country eligibility policy: atomic entity with observed importer-network capability during the 2021-2023 baseline.,unified_geography_capability.csv;core_food_supplier_network_summary.csv
246,Finland,APPROVED,Lalithendra Chowdari Mandava,2026-08-20,Approved under the standard country eligibility policy: atomic entity with observed importer-network capability during the 2021-2023 baseline.,unified_geography_capability.csv;core_food_supplier_network_summary.csv
250,France,APPROVED,Lalithendra Chowdari Mandava,2026-08-20,Approved under the standard country eligibility policy: atomic entity with observed importer-network capability during the 2021-2023 baseline.,unified_geography_capability.csv;core_food_supplier_network_summary.csv
258,French Polynesia,APPROVED,Lalithendra Chowdari Mandava,2026-08-20,Approved under the standard country eligibility policy: atomic entity with observed importer-network capability during the 2021-2023 baseline.,unified_geography_capability.csv;core_food_supplier_network_summary.csv
262,Djibouti,APPROVED,Lalithendra Chowdari Mandava,2026-08-20,Approved under the standard country eligibility policy: atomic entity with observed importer-network capability during the 2021-2023 baseline.,unified_geography_capability.csv;core_food_supplier_network_summary.csv
266,Gabon,APPROVED,Lalithendra Chowdari Mandava,2026-08-20,Approved under the standard country eligibility policy: atomic entity with observed importer-network capability during the 2021-2023 baseline.,unified_geography_capability.csv;core_food_supplier_network_summary.csv
268,Georgia,APPROVED,Lalithendra Chowdari Mandava,2026-08-20,Approved under the standard country eligibility policy: atomic entity with observed importer-network capability during the 2021-2023 baseline.,unified_geography_capability.csv;core_food_supplier_network_summary.csv
270,Gambia,APPROVED,Lalithendra Chowdari Mandava,2026-08-20,Approved under the standard country eligibility policy: atomic entity with observed importer-network capability during the 2021-2023 baseline.,unified_geography_capability.csv;core_food_supplier_network_summary.csv
276,Germany,APPROVED,Lalithendra Chowdari Mandava,2026-08-20,Approved under the standard country eligibility policy: atomic entity with observed importer-network capability during the 2021-2023 baseline.,unified_geography_capability.csv;core_food_supplier_network_summary.csv
288,Ghana,APPROVED,Lalithendra Chowdari Mandava,2026-08-20,Approved under the standard country eligibility policy: atomic entity with observed importer-network capability during the 2021-2023 baseline.,unified_geography_capability.csv;core_food_supplier_network_summary.csv
296,Kiribati,APPROVED,Lalithendra Chowdari Mandava,2026-08-20,Approved under the standard country eligibility policy: atomic entity with observed importer-network capability during the 2021-2023 baseline.,unified_geography_capability.csv;core_food_supplier_network_summary.csv
300,Greece,APPROVED,Lalithendra Chowdari Mandava,2026-08-20,Approved under the standard country eligibility policy: atomic entity with observed importer-network capability during the 2021-2023 baseline.,unified_geography_capability.csv;core_food_supplier_network_summary.csv
308,Grenada,APPROVED,Lalithendra Chowdari Mandava,2026-08-20,Approved under the standard country eligibility policy: atomic entity with observed importer-network capability during the 2021-2023 baseline.,unified_geography_capability.csv;core_food_supplier_network_summary.csv
320,Guatemala,APPROVED,Lalithendra Chowdari Mandava,2026-08-20,Approved under the standard country eligibility policy: atomic entity with observed importer-network capability during the 2021-2023 baseline.,unified_geography_capability.csv;core_food_supplier_network_summary.csv
328,Guyana,APPROVED,Lalithendra Chowdari Mandava,2026-08-20,Approved under the standard country eligibility policy: atomic entity with observed importer-network capability during the 2021-2023 baseline.,unified_geography_capability.csv;core_food_supplier_network_summary.csv
340,Honduras,APPROVED,Lalithendra Chowdari Mandava,2026-08-20,Approved under the standard country eligibility policy: atomic entity with observed importer-network capability during the 2021-2023 baseline.,unified_geography_capability.csv;core_food_supplier_network_summary.csv
344,"China, Hong Kong SAR",APPROVED,Lalithendra Chowdari Mandava,2026-08-20,Approved under the standard country eligibility policy: atomic entity with observed importer-network capability during the 2021-2023 baseline.,unified_geography_capability.csv;core_food_supplier_network_summary.csv
348,Hungary,APPROVED,Lalithendra Chowdari Mandava,2026-08-20,Approved under the standard country eligibility policy: atomic entity with observed importer-network capability during the 2021-2023 baseline.,unified_geography_capability.csv;core_food_supplier_network_summary.csv
352,Iceland,APPROVED,Lalithendra Chowdari Mandava,2026-08-20,Approved under the standard country eligibility policy: atomic entity with observed importer-network capability during the 2021-2023 baseline.,unified_geography_capability.csv;core_food_supplier_network_summary.csv
356,India,APPROVED,Lalithendra Chowdari Mandava,2026-08-20,Approved under the standard country eligibility policy: atomic entity with observed importer-network capability during the 2021-2023 baseline.,unified_geography_capability.csv;core_food_supplier_network_summary.csv
360,Indonesia,APPROVED,Lalithendra Chowdari Mandava,2026-08-20,Approved under the standard country eligibility policy: atomic entity with observed importer-network capability during the 2021-2023 baseline.,unified_geography_capability.csv;core_food_supplier_network_summary.csv
364,Iran (Islamic Republic of),APPROVED,Lalithendra Chowdari Mandava,2026-08-20,Approved under the standard country eligibility policy: atomic entity with observed importer-network capability during the 2021-2023 baseline.,unified_geography_capability.csv;core_food_supplier_network_summary.csv
372,Ireland,APPROVED,Lalithendra Chowdari Mandava,2026-08-20,Approved under the standard country eligibility policy: atomic entity with observed importer-network capability during the 2021-2023 baseline.,unified_geography_capability.csv;core_food_supplier_network_summary.csv
376,Israel,APPROVED,Lalithendra Chowdari Mandava,2026-08-20,Approved under the standard country eligibility policy: atomic entity with observed importer-network capability during the 2021-2023 baseline.,unified_geography_capability.csv;core_food_supplier_network_summary.csv
380,Italy,APPROVED,Lalithendra Chowdari Mandava,2026-08-20,Approved under the standard country eligibility policy: atomic entity with observed importer-network capability during the 2021-2023 baseline.,unified_geography_capability.csv;core_food_supplier_network_summary.csv
384,Côte d'Ivoire,APPROVED,Lalithendra Chowdari Mandava,2026-08-20,Approved under the standard country eligibility policy: atomic entity with observed importer-network capability during the 2021-2023 baseline.,unified_geography_capability.csv;core_food_supplier_network_summary.csv
388,Jamaica,APPROVED,Lalithendra Chowdari Mandava,2026-08-20,Approved under the standard country eligibility policy: atomic entity with observed importer-network capability during the 2021-2023 baseline.,unified_geography_capability.csv;core_food_supplier_network_summary.csv
398,Kazakhstan,APPROVED,Lalithendra Chowdari Mandava,2026-08-20,Approved under the standard country eligibility policy: atomic entity with observed importer-network capability during the 2021-2023 baseline.,unified_geography_capability.csv;core_food_supplier_network_summary.csv
400,Jordan,APPROVED,Lalithendra Chowdari Mandava,2026-08-20,Approved under the standard country eligibility policy: atomic entity with observed importer-network capability during the 2021-2023 baseline.,unified_geography_capability.csv;core_food_supplier_network_summary.csv
404,Kenya,APPROVED,Lalithendra Chowdari Mandava,2026-08-20,Approved under the standard country eligibility policy: atomic entity with observed importer-network capability during the 2021-2023 baseline.,unified_geography_capability.csv;core_food_supplier_network_summary.csv
410,Republic of Korea,APPROVED,Lalithendra Chowdari Mandava,2026-08-20,Approved under the standard country eligibility policy: atomic entity with observed importer-network capability during the 2021-2023 baseline.,unified_geography_capability.csv;core_food_supplier_network_summary.csv
414,Kuwait,APPROVED,Lalithendra Chowdari Mandava,2026-08-20,Approved under the standard country eligibility policy: atomic entity with observed importer-network capability during the 2021-2023 baseline.,unified_geography_capability.csv;core_food_supplier_network_summary.csv
417,Kyrgyzstan,APPROVED,Lalithendra Chowdari Mandava,2026-08-20,Approved under the standard country eligibility policy: atomic entity with observed importer-network capability during the 2021-2023 baseline.,unified_geography_capability.csv;core_food_supplier_network_summary.csv
418,Lao People's Democratic Republic,APPROVED,Lalithendra Chowdari Mandava,2026-08-20,Approved under the standard country eligibility policy: atomic entity with observed importer-network capability during the 2021-2023 baseline.,unified_geography_capability.csv;core_food_supplier_network_summary.csv
422,Lebanon,APPROVED,Lalithendra Chowdari Mandava,2026-08-20,Approved under the standard country eligibility policy: atomic entity with observed importer-network capability during the 2021-2023 baseline.,unified_geography_capability.csv;core_food_supplier_network_summary.csv
426,Lesotho,APPROVED,Lalithendra Chowdari Mandava,2026-08-20,Approved under the standard country eligibility policy: atomic entity with observed importer-network capability during the 2021-2023 baseline.,unified_geography_capability.csv;core_food_supplier_network_summary.csv
428,Latvia,APPROVED,Lalithendra Chowdari Mandava,2026-08-20,Approved under the standard country eligibility policy: atomic entity with observed importer-network capability during the 2021-2023 baseline.,unified_geography_capability.csv;core_food_supplier_network_summary.csv
440,Lithuania,APPROVED,Lalithendra Chowdari Mandava,2026-08-20,Approved under the standard country eligibility policy: atomic entity with observed importer-network capability during the 2021-2023 baseline.,unified_geography_capability.csv;core_food_supplier_network_summary.csv
442,Luxembourg,APPROVED,Lalithendra Chowdari Mandava,2026-08-20,Approved under the standard country eligibility policy: atomic entity with observed importer-network capability during the 2021-2023 baseline.,unified_geography_capability.csv;core_food_supplier_network_summary.csv
446,"China, Macao SAR",APPROVED,Lalithendra Chowdari Mandava,2026-08-20,Approved under the standard country eligibility policy: atomic entity with observed importer-network capability during the 2021-2023 baseline.,unified_geography_capability.csv;core_food_supplier_network_summary.csv
450,Madagascar,APPROVED,Lalithendra Chowdari Mandava,2026-08-20,Approved under the standard country eligibility policy: atomic entity with observed importer-network capability during the 2021-2023 baseline.,unified_geography_capability.csv;core_food_supplier_network_summary.csv
454,Malawi,APPROVED,Lalithendra Chowdari Mandava,2026-08-20,Approved under the standard country eligibility policy: atomic entity with observed importer-network capability during the 2021-2023 baseline.,unified_geography_capability.csv;core_food_supplier_network_summary.csv
458,Malaysia,APPROVED,Lalithendra Chowdari Mandava,2026-08-20,Approved under the standard country eligibility policy: atomic entity with observed importer-network capability during the 2021-2023 baseline.,unified_geography_capability.csv;core_food_supplier_network_summary.csv
462,Maldives,APPROVED,Lalithendra Chowdari Mandava,2026-08-20,Approved under the standard country eligibility policy: atomic entity with observed importer-network capability during the 2021-2023 baseline.,unified_geography_capability.csv;core_food_supplier_network_summary.csv
470,Malta,APPROVED,Lalithendra Chowdari Mandava,2026-08-20,Approved under the standard country eligibility policy: atomic entity with observed importer-network capability during the 2021-2023 baseline.,unified_geography_capability.csv;core_food_supplier_network_summary.csv
478,Mauritania,APPROVED,Lalithendra Chowdari Mandava,2026-08-20,Approved under the standard country eligibility policy: atomic entity with observed importer-network capability during the 2021-2023 baseline.,unified_geography_capability.csv;core_food_supplier_network_summary.csv
480,Mauritius,APPROVED,Lalithendra Chowdari Mandava,2026-08-20,Approved under the standard country eligibility policy: atomic entity with observed importer-network capability during the 2021-2023 baseline.,unified_geography_capability.csv;core_food_supplier_network_summary.csv
484,Mexico,APPROVED,Lalithendra Chowdari Mandava,2026-08-20,Approved under the standard country eligibility policy: atomic entity with observed importer-network capability during the 2021-2023 baseline.,unified_geography_capability.csv;core_food_supplier_network_summary.csv
496,Mongolia,APPROVED,Lalithendra Chowdari Mandava,2026-08-20,Approved under the standard country eligibility policy: atomic entity with observed importer-network capability during the 2021-2023 baseline.,unified_geography_capability.csv;core_food_supplier_network_summary.csv
498,Republic of Moldova,APPROVED,Lalithendra Chowdari Mandava,2026-08-20,Approved under the standard country eligibility policy: atomic entity with observed importer-network capability during the 2021-2023 baseline.,unified_geography_capability.csv;core_food_supplier_network_summary.csv
499,Montenegro,APPROVED,Lalithendra Chowdari Mandava,2026-08-20,Approved under the standard country eligibility policy: atomic entity with observed importer-network capability during the 2021-2023 baseline.,unified_geography_capability.csv;core_food_supplier_network_summary.csv
504,Morocco,APPROVED,Lalithendra Chowdari Mandava,2026-08-20,Approved under the standard country eligibility policy: atomic entity with observed importer-network capability during the 2021-2023 baseline.,unified_geography_capability.csv;core_food_supplier_network_summary.csv
508,Mozambique,APPROVED,Lalithendra Chowdari Mandava,2026-08-20,Approved under the standard country eligibility policy: atomic entity with observed importer-network capability during the 2021-2023 baseline.,unified_geography_capability.csv;core_food_supplier_network_summary.csv
512,Oman,APPROVED,Lalithendra Chowdari Mandava,2026-08-20,Approved under the standard country eligibility policy: atomic entity with observed importer-network capability during the 2021-2023 baseline.,unified_geography_capability.csv;core_food_supplier_network_summary.csv
516,Namibia,APPROVED,Lalithendra Chowdari Mandava,2026-08-20,Approved under the standard country eligibility policy: atomic entity with observed importer-network capability during the 2021-2023 baseline.,unified_geography_capability.csv;core_food_supplier_network_summary.csv
524,Nepal,APPROVED,Lalithendra Chowdari Mandava,2026-08-20,Approved under the standard country eligibility policy: atomic entity with observed importer-network capability during the 2021-2023 baseline.,unified_geography_capability.csv;core_food_supplier_network_summary.csv
528,Netherlands (Kingdom of the),APPROVED,Lalithendra Chowdari Mandava,2026-08-20,Approved under the standard country eligibility policy: atomic entity with observed importer-network capability during the 2021-2023 baseline.,unified_geography_capability.csv;core_food_supplier_network_summary.csv
554,New Zealand,APPROVED,Lalithendra Chowdari Mandava,2026-08-20,Approved under the standard country eligibility policy: atomic entity with observed importer-network capability during the 2021-2023 baseline.,unified_geography_capability.csv;core_food_supplier_network_summary.csv
558,Nicaragua,APPROVED,Lalithendra Chowdari Mandava,2026-08-20,Approved under the standard country eligibility policy: atomic entity with observed importer-network capability during the 2021-2023 baseline.,unified_geography_capability.csv;core_food_supplier_network_summary.csv
562,Niger,APPROVED,Lalithendra Chowdari Mandava,2026-08-20,Approved under the standard country eligibility policy: atomic entity with observed importer-network capability during the 2021-2023 baseline.,unified_geography_capability.csv;core_food_supplier_network_summary.csv
578,Norway,APPROVED,Lalithendra Chowdari Mandava,2026-08-20,Approved under the standard country eligibility policy: atomic entity with observed importer-network capability during the 2021-2023 baseline.,unified_geography_capability.csv;core_food_supplier_network_summary.csv
586,Pakistan,APPROVED,Lalithendra Chowdari Mandava,2026-08-20,Approved under the standard country eligibility policy: atomic entity with observed importer-network capability during the 2021-2023 baseline.,unified_geography_capability.csv;core_food_supplier_network_summary.csv
591,Panama,APPROVED,Lalithendra Chowdari Mandava,2026-08-20,Approved under the standard country eligibility policy: atomic entity with observed importer-network capability during the 2021-2023 baseline.,unified_geography_capability.csv;core_food_supplier_network_summary.csv
598,Papua New Guinea,APPROVED,Lalithendra Chowdari Mandava,2026-08-20,Approved under the standard country eligibility policy: atomic entity with observed importer-network capability during the 2021-2023 baseline.,unified_geography_capability.csv;core_food_supplier_network_summary.csv
600,Paraguay,APPROVED,Lalithendra Chowdari Mandava,2026-08-20,Approved under the standard country eligibility policy: atomic entity with observed importer-network capability during the 2021-2023 baseline.,unified_geography_capability.csv;core_food_supplier_network_summary.csv
604,Peru,APPROVED,Lalithendra Chowdari Mandava,2026-08-20,Approved under the standard country eligibility policy: atomic entity with observed importer-network capability during the 2021-2023 baseline.,unified_geography_capability.csv;core_food_supplier_network_summary.csv
608,Philippines,APPROVED,Lalithendra Chowdari Mandava,2026-08-20,Approved under the standard country eligibility policy: atomic entity with observed importer-network capability during the 2021-2023 baseline.,unified_geography_capability.csv;core_food_supplier_network_summary.csv
616,Poland,APPROVED,Lalithendra Chowdari Mandava,2026-08-20,Approved under the standard country eligibility policy: atomic entity with observed importer-network capability during the 2021-2023 baseline.,unified_geography_capability.csv;core_food_supplier_network_summary.csv
620,Portugal,APPROVED,Lalithendra Chowdari Mandava,2026-08-20,Approved under the standard country eligibility policy: atomic entity with observed importer-network capability during the 2021-2023 baseline.,unified_geography_capability.csv;core_food_supplier_network_summary.csv
626,Timor-Leste,APPROVED,Lalithendra Chowdari Mandava,2026-08-20,Approved under the standard country eligibility policy: atomic entity with observed importer-network capability during the 2021-2023 baseline.,unified_geography_capability.csv;core_food_supplier_network_summary.csv
634,Qatar,APPROVED,Lalithendra Chowdari Mandava,2026-08-20,Approved under the standard country eligibility policy: atomic entity with observed importer-network capability during the 2021-2023 baseline.,unified_geography_capability.csv;core_food_supplier_network_summary.csv
642,Romania,APPROVED,Lalithendra Chowdari Mandava,2026-08-20,Approved under the standard country eligibility policy: atomic entity with observed importer-network capability during the 2021-2023 baseline.,unified_geography_capability.csv;core_food_supplier_network_summary.csv
643,Russian Federation,APPROVED,Lalithendra Chowdari Mandava,2026-08-20,Approved under the standard country eligibility policy: atomic entity with observed importer-network capability during the 2021-2023 baseline.,unified_geography_capability.csv;core_food_supplier_network_summary.csv
646,Rwanda,APPROVED,Lalithendra Chowdari Mandava,2026-08-20,Approved under the standard country eligibility policy: atomic entity with observed importer-network capability during the 2021-2023 baseline.,unified_geography_capability.csv;core_food_supplier_network_summary.csv
670,Saint Vincent and the Grenadines,APPROVED,Lalithendra Chowdari Mandava,2026-08-20,Approved under the standard country eligibility policy: atomic entity with observed importer-network capability during the 2021-2023 baseline.,unified_geography_capability.csv;core_food_supplier_network_summary.csv
678,Sao Tome and Principe,APPROVED,Lalithendra Chowdari Mandava,2026-08-20,Approved under the standard country eligibility policy: atomic entity with observed importer-network capability during the 2021-2023 baseline.,unified_geography_capability.csv;core_food_supplier_network_summary.csv
682,Saudi Arabia,APPROVED,Lalithendra Chowdari Mandava,2026-08-20,Approved under the standard country eligibility policy: atomic entity with observed importer-network capability during the 2021-2023 baseline.,unified_geography_capability.csv;core_food_supplier_network_summary.csv
686,Senegal,APPROVED,Lalithendra Chowdari Mandava,2026-08-20,Approved under the standard country eligibility policy: atomic entity with observed importer-network capability during the 2021-2023 baseline.,unified_geography_capability.csv;core_food_supplier_network_summary.csv
688,Serbia,APPROVED,Lalithendra Chowdari Mandava,2026-08-20,Approved under the standard country eligibility policy: atomic entity with observed importer-network capability during the 2021-2023 baseline.,unified_geography_capability.csv;core_food_supplier_network_summary.csv
690,Seychelles,APPROVED,Lalithendra Chowdari Mandava,2026-08-20,Approved under the standard country eligibility policy: atomic entity with observed importer-network capability during the 2021-2023 baseline.,unified_geography_capability.csv;core_food_supplier_network_summary.csv
703,Slovakia,APPROVED,Lalithendra Chowdari Mandava,2026-08-20,Approved under the standard country eligibility policy: atomic entity with observed importer-network capability during the 2021-2023 baseline.,unified_geography_capability.csv;core_food_supplier_network_summary.csv
704,Viet Nam,APPROVED,Lalithendra Chowdari Mandava,2026-08-20,Approved under the standard country eligibility policy: atomic entity with observed importer-network capability during the 2021-2023 baseline.,unified_geography_capability.csv;core_food_supplier_network_summary.csv
705,Slovenia,APPROVED,Lalithendra Chowdari Mandava,2026-08-20,Approved under the standard country eligibility policy: atomic entity with observed importer-network capability during the 2021-2023 baseline.,unified_geography_capability.csv;core_food_supplier_network_summary.csv
710,South Africa,APPROVED,Lalithendra Chowdari Mandava,2026-08-20,Approved under the standard country eligibility policy: atomic entity with observed importer-network capability during the 2021-2023 baseline.,unified_geography_capability.csv;core_food_supplier_network_summary.csv
716,Zimbabwe,APPROVED,Lalithendra Chowdari Mandava,2026-08-20,Approved under the standard country eligibility policy: atomic entity with observed importer-network capability during the 2021-2023 baseline.,unified_geography_capability.csv;core_food_supplier_network_summary.csv
724,Spain,APPROVED,Lalithendra Chowdari Mandava,2026-08-20,Approved under the standard country eligibility policy: atomic entity with observed importer-network capability during the 2021-2023 baseline.,unified_geography_capability.csv;core_food_supplier_network_summary.csv
740,Suriname,APPROVED,Lalithendra Chowdari Mandava,2026-08-20,Approved under the standard country eligibility policy: atomic entity with observed importer-network capability during the 2021-2023 baseline.,unified_geography_capability.csv;core_food_supplier_network_summary.csv
748,Eswatini,APPROVED,Lalithendra Chowdari Mandava,2026-08-20,Approved under the standard country eligibility policy: atomic entity with observed importer-network capability during the 2021-2023 baseline.,unified_geography_capability.csv;core_food_supplier_network_summary.csv
752,Sweden,APPROVED,Lalithendra Chowdari Mandava,2026-08-20,Approved under the standard country eligibility policy: atomic entity with observed importer-network capability during the 2021-2023 baseline.,unified_geography_capability.csv;core_food_supplier_network_summary.csv
756,Switzerland,APPROVED,Lalithendra Chowdari Mandava,2026-08-20,Approved under the standard country eligibility policy: atomic entity with observed importer-network capability during the 2021-2023 baseline.,unified_geography_capability.csv;core_food_supplier_network_summary.csv
762,Tajikistan,APPROVED,Lalithendra Chowdari Mandava,2026-08-20,Approved under the standard country eligibility policy: atomic entity with observed importer-network capability during the 2021-2023 baseline.,unified_geography_capability.csv;core_food_supplier_network_summary.csv
764,Thailand,APPROVED,Lalithendra Chowdari Mandava,2026-08-20,Approved under the standard country eligibility policy: atomic entity with observed importer-network capability during the 2021-2023 baseline.,unified_geography_capability.csv;core_food_supplier_network_summary.csv
776,Tonga,APPROVED,Lalithendra Chowdari Mandava,2026-08-20,Approved under the standard country eligibility policy: atomic entity with observed importer-network capability during the 2021-2023 baseline.,unified_geography_capability.csv;core_food_supplier_network_summary.csv
780,Trinidad and Tobago,APPROVED,Lalithendra Chowdari Mandava,2026-08-20,Approved under the standard country eligibility policy: atomic entity with observed importer-network capability during the 2021-2023 baseline.,unified_geography_capability.csv;core_food_supplier_network_summary.csv
784,United Arab Emirates,APPROVED,Lalithendra Chowdari Mandava,2026-08-20,Approved under the standard country eligibility policy: atomic entity with observed importer-network capability during the 2021-2023 baseline.,unified_geography_capability.csv;core_food_supplier_network_summary.csv
788,Tunisia,APPROVED,Lalithendra Chowdari Mandava,2026-08-20,Approved under the standard country eligibility policy: atomic entity with observed importer-network capability during the 2021-2023 baseline.,unified_geography_capability.csv;core_food_supplier_network_summary.csv
792,Türkiye,APPROVED,Lalithendra Chowdari Mandava,2026-08-20,Approved under the standard country eligibility policy: atomic entity with observed importer-network capability during the 2021-2023 baseline.,unified_geography_capability.csv;core_food_supplier_network_summary.csv
800,Uganda,APPROVED,Lalithendra Chowdari Mandava,2026-08-20,Approved under the standard country eligibility policy: atomic entity with observed importer-network capability during the 2021-2023 baseline.,unified_geography_capability.csv;core_food_supplier_network_summary.csv
804,Ukraine,APPROVED,Lalithendra Chowdari Mandava,2026-08-20,Approved under the standard country eligibility policy: atomic entity with observed importer-network capability during the 2021-2023 baseline.,unified_geography_capability.csv;core_food_supplier_network_summary.csv
807,North Macedonia,APPROVED,Lalithendra Chowdari Mandava,2026-08-20,Approved under the standard country eligibility policy: atomic entity with observed importer-network capability during the 2021-2023 baseline.,unified_geography_capability.csv;core_food_supplier_network_summary.csv
818,Egypt,APPROVED,Lalithendra Chowdari Mandava,2026-08-20,Approved under the standard country eligibility policy: atomic entity with observed importer-network capability during the 2021-2023 baseline.,unified_geography_capability.csv;core_food_supplier_network_summary.csv
826,United Kingdom of Great Britain and Northern Ireland,APPROVED,Lalithendra Chowdari Mandava,2026-08-20,Approved under the standard country eligibility policy: atomic entity with observed importer-network capability during the 2021-2023 baseline.,unified_geography_capability.csv;core_food_supplier_network_summary.csv
834,United Republic of Tanzania,APPROVED,Lalithendra Chowdari Mandava,2026-08-20,Approved under the standard country eligibility policy: atomic entity with observed importer-network capability during the 2021-2023 baseline.,unified_geography_capability.csv;core_food_supplier_network_summary.csv
840,United States of America,APPROVED,Lalithendra Chowdari Mandava,2026-08-20,Approved under the standard country eligibility policy: atomic entity with observed importer-network capability during the 2021-2023 baseline.,unified_geography_capability.csv;core_food_supplier_network_summary.csv
854,Burkina Faso,APPROVED,Lalithendra Chowdari Mandava,2026-08-20,Approved under the standard country eligibility policy: atomic entity with observed importer-network capability during the 2021-2023 baseline.,unified_geography_capability.csv;core_food_supplier_network_summary.csv
858,Uruguay,APPROVED,Lalithendra Chowdari Mandava,2026-08-20,Approved under the standard country eligibility policy: atomic entity with observed importer-network capability during the 2021-2023 baseline.,unified_geography_capability.csv;core_food_supplier_network_summary.csv
860,Uzbekistan,APPROVED,Lalithendra Chowdari Mandava,2026-08-20,Approved under the standard country eligibility policy: atomic entity with observed importer-network capability during the 2021-2023 baseline.,unified_geography_capability.csv;core_food_supplier_network_summary.csv
862,Venezuela (Bolivarian Republic of),APPROVED,Lalithendra Chowdari Mandava,2026-08-20,Approved under the standard country eligibility policy: atomic entity with observed importer-network capability during the 2021-2023 baseline.,unified_geography_capability.csv;core_food_supplier_network_summary.csv
882,Samoa,APPROVED,Lalithendra Chowdari Mandava,2026-08-20,Approved under the standard country eligibility policy: atomic entity with observed importer-network capability during the 2021-2023 baseline.,unified_geography_capability.csv;core_food_supplier_network_summary.csv
894,Zambia,APPROVED,Lalithendra Chowdari Mandava,2026-08-20,Approved under the standard country eligibility policy: atomic entity with observed importer-network capability during the 2021-2023 baseline.,unified_geography_capability.csv;core_food_supplier_network_summary.csv
