analytical_scope_code,core_food_code,core_food,mapping_policy_recommendation,mapping_governance_decision,scope_confidence_class,scope_interpretation,quantity_aggregation_policy,current_model_usage,reviewer,review_date,decision_rationale,evidence_reference
CF01_FBS2511,CF01,Wheat,CONVERSION_METHOD_REQUIRED,CONVERSION_METHOD_REQUIRED,CONVERSION_REQUIRED,CORE_FOOD_FAMILY_DENOMINATOR,equivalent_required,expanded_family,Lalithendra Chowdari Mandava,2026-08-20,"Retained on hold because physical comparability requires a documented and approved conversion method with versioned factors, factor provenance, uncertainty treatment, and double-counting controls.",core_food_analytical_scopes.csv;core_food_readiness_policy.json;conversion_method_pending
CF02_FBS2514,CF02,Maize,PRIMARY_ALIGNED,PRIMARY_ALIGNED,DIRECT_FAMILY,CORE_FOOD_FAMILY_DENOMINATOR,native_tonnes,category_candidate,Lalithendra Chowdari Mandava,2026-08-20,Approved as a primary-aligned analytical scope because the mapped trade channel is represented in native tonnes and is intended to correspond directly to the associated FBS family. Coverage and country-level data-quality gates remain independently applicable.,core_food_analytical_scopes.csv;core_food_fbs_baseline_usability.csv;core_food_supplier_network_summary.csv
CF03_FBS2807,CF03,Rice,SENSITIVITY_ONLY,SENSITIVITY_ONLY,SENSITIVITY_ONLY,CORE_FOOD_FAMILY_DENOMINATOR,overlap_review,sensitivity_only,Lalithendra Chowdari Mandava,2026-08-20,Retained for sensitivity analysis only because the current scope has unresolved overlap or comparability limitations and is not approved for the primary model.,core_food_analytical_scopes.csv;core_food_readiness_policy.json;overlap_review_pending
CF04_FBS2513,CF04,Barley,PRIMARY_ALIGNED,PRIMARY_ALIGNED,DIRECT_FAMILY,CORE_FOOD_FAMILY_DENOMINATOR,native_tonnes,category_candidate,Lalithendra Chowdari Mandava,2026-08-20,Approved as a primary-aligned analytical scope because the mapped trade channel is represented in native tonnes and is intended to correspond directly to the associated FBS family. Coverage and country-level data-quality gates remain independently applicable.,core_food_analytical_scopes.csv;core_food_fbs_baseline_usability.csv;core_food_supplier_network_summary.csv
CF05_FBS2518,CF05,Sorghum,PRIMARY_ALIGNED,PRIMARY_ALIGNED,DIRECT_FAMILY,CORE_FOOD_FAMILY_DENOMINATOR,native_tonnes,category_candidate,Lalithendra Chowdari Mandava,2026-08-20,Approved as a primary-aligned analytical scope because the mapped trade channel is represented in native tonnes and is intended to correspond directly to the associated FBS family. Coverage and country-level data-quality gates remain independently applicable.,core_food_analytical_scopes.csv;core_food_fbs_baseline_usability.csv;core_food_supplier_network_summary.csv
CF06_FBS2542,CF06,Sugar,CONVERSION_METHOD_REQUIRED,CONVERSION_METHOD_REQUIRED,CONVERSION_REQUIRED,CORE_FOOD_FAMILY_DENOMINATOR,raw_equivalent_required,combined_candidate,Lalithendra Chowdari Mandava,2026-08-20,"Retained on hold because physical comparability requires a documented and approved conversion method with versioned factors, factor provenance, uncertainty treatment, and double-counting controls.",core_food_analytical_scopes.csv;core_food_readiness_policy.json;conversion_method_pending
CF07_FBS2531,CF07,Potatoes,CONVERSION_METHOD_REQUIRED,CONVERSION_METHOD_REQUIRED,CONVERSION_REQUIRED,CORE_FOOD_FAMILY_DENOMINATOR,equivalent_required,expanded_family,Lalithendra Chowdari Mandava,2026-08-20,"Retained on hold because physical comparability requires a documented and approved conversion method with versioned factors, factor provenance, uncertainty treatment, and double-counting controls.",core_food_analytical_scopes.csv;core_food_readiness_policy.json;conversion_method_pending
CF08_FBS2555,CF08,Soybean,PRIMARY_SEPARATE_SUBFAMILY,PRIMARY_SEPARATE_SUBFAMILY,ANALYTICAL_SUBFAMILY,ANALYTICAL_SUBFAMILY_DENOMINATOR,do_not_sum_native_tonnes,multi_channel,Lalithendra Chowdari Mandava,2026-08-20,"Approved only as a separate analytical subfamily. Seed and oil channels must remain distinct, native tonnes must not be added across channels, and outputs must identify the analyzed channel explicitly.",core_food_analytical_scopes.csv;core_food_supplier_network_summary.csv;core_food_readiness_policy.json
CF08_FBS2571,CF08,Soybean,PRIMARY_SEPARATE_SUBFAMILY,PRIMARY_SEPARATE_SUBFAMILY,ANALYTICAL_SUBFAMILY,ANALYTICAL_SUBFAMILY_DENOMINATOR,do_not_sum_native_tonnes,multi_channel,Lalithendra Chowdari Mandava,2026-08-20,"Approved only as a separate analytical subfamily. Seed and oil channels must remain distinct, native tonnes must not be added across channels, and outputs must identify the analyzed channel explicitly.",core_food_analytical_scopes.csv;core_food_supplier_network_summary.csv;core_food_readiness_policy.json
CF09_FBS2558,CF09,Rapeseed and mustard,PRIMARY_SEPARATE_SUBFAMILY,PRIMARY_SEPARATE_SUBFAMILY,ANALYTICAL_SUBFAMILY,ANALYTICAL_SUBFAMILY_DENOMINATOR,do_not_sum_native_tonnes,multi_channel,Lalithendra Chowdari Mandava,2026-08-20,"Approved only as a separate analytical subfamily. Seed and oil channels must remain distinct, native tonnes must not be added across channels, and outputs must identify the analyzed channel explicitly.",core_food_analytical_scopes.csv;core_food_supplier_network_summary.csv;core_food_readiness_policy.json
CF09_FBS2574,CF09,Rapeseed and mustard,PRIMARY_SEPARATE_SUBFAMILY,PRIMARY_SEPARATE_SUBFAMILY,ANALYTICAL_SUBFAMILY,ANALYTICAL_SUBFAMILY_DENOMINATOR,do_not_sum_native_tonnes,multi_channel,Lalithendra Chowdari Mandava,2026-08-20,"Approved only as a separate analytical subfamily. Seed and oil channels must remain distinct, native tonnes must not be added across channels, and outputs must identify the analyzed channel explicitly.",core_food_analytical_scopes.csv;core_food_supplier_network_summary.csv;core_food_readiness_policy.json
CF10_FBS2577,CF10,Palm oil,PRIMARY_ALIGNED,PRIMARY_ALIGNED,DIRECT_FAMILY,CORE_FOOD_FAMILY_DENOMINATOR,native_tonnes,category_candidate,Lalithendra Chowdari Mandava,2026-08-20,Approved as a primary-aligned analytical scope because the mapped trade channel is represented in native tonnes and is intended to correspond directly to the associated FBS family. Coverage and country-level data-quality gates remain independently applicable.,core_food_analytical_scopes.csv;core_food_fbs_baseline_usability.csv;core_food_supplier_network_summary.csv
CF11_FBS2573,CF11,Sunflower oil,PRIMARY_ALIGNED,PRIMARY_ALIGNED,DIRECT_FAMILY,CORE_FOOD_FAMILY_DENOMINATOR,native_tonnes,category_candidate,Lalithendra Chowdari Mandava,2026-08-20,Approved as a primary-aligned analytical scope because the mapped trade channel is represented in native tonnes and is intended to correspond directly to the associated FBS family. Coverage and country-level data-quality gates remain independently applicable.,core_food_analytical_scopes.csv;core_food_fbs_baseline_usability.csv;core_food_supplier_network_summary.csv
CF12_FBS2615,CF12,Bananas,PRIMARY_ALIGNED,PRIMARY_ALIGNED,DIRECT_FAMILY,CORE_FOOD_FAMILY_DENOMINATOR,native_tonnes,category_candidate,Lalithendra Chowdari Mandava,2026-08-20,Approved as a primary-aligned analytical scope because the mapped trade channel is represented in native tonnes and is intended to correspond directly to the associated FBS family. Coverage and country-level data-quality gates remain independently applicable.,core_food_analytical_scopes.csv;core_food_fbs_baseline_usability.csv;core_food_supplier_network_summary.csv
CF13_FBS2617,CF13,Apples,PARTIAL_CHANNEL_APPROVED,PARTIAL_CHANNEL_APPROVED,PARTIAL_PRODUCT_CHANNEL,CORE_FOOD_FAMILY_DENOMINATOR,partial_family,expansion_required,Lalithendra Chowdari Mandava,2026-08-20,Approved with limitation for supplier-network concentration analysis. This trade channel does not represent the full FBS product family and must not be interpreted as complete physical coverage of that family.,core_food_analytical_scopes.csv;core_food_supplier_network_summary.csv;core_food_readiness_policy.json
CF14_FBS2602,CF14,Onions,PRIMARY_ALIGNED,PRIMARY_ALIGNED,DIRECT_FAMILY,CORE_FOOD_FAMILY_DENOMINATOR,native_tonnes,category_candidate,Lalithendra Chowdari Mandava,2026-08-20,Approved as a primary-aligned analytical scope because the mapped trade channel is represented in native tonnes and is intended to correspond directly to the associated FBS family. Coverage and country-level data-quality gates remain independently applicable.,core_food_analytical_scopes.csv;core_food_fbs_baseline_usability.csv;core_food_supplier_network_summary.csv
CF15_FBS2601,CF15,Tomatoes,PARTIAL_CHANNEL_APPROVED,PARTIAL_CHANNEL_APPROVED,PARTIAL_PRODUCT_CHANNEL,CORE_FOOD_FAMILY_DENOMINATOR,partial_family,product_channel,Lalithendra Chowdari Mandava,2026-08-20,Approved with limitation for supplier-network concentration analysis. This trade channel does not represent the full FBS product family and must not be interpreted as complete physical coverage of that family.,core_food_analytical_scopes.csv;core_food_supplier_network_summary.csv;core_food_readiness_policy.json
CF16_FBS2532,CF16,Cassava,CONVERSION_METHOD_REQUIRED,CONVERSION_METHOD_REQUIRED,CONVERSION_REQUIRED,CORE_FOOD_FAMILY_DENOMINATOR,equivalent_required,product_channel,Lalithendra Chowdari Mandava,2026-08-20,"Retained on hold because physical comparability requires a documented and approved conversion method with versioned factors, factor provenance, uncertainty treatment, and double-counting controls.",core_food_analytical_scopes.csv;core_food_readiness_policy.json;conversion_method_pending
CF17_FBS2630,CF17,Coffee,PARTIAL_CHANNEL_APPROVED,PARTIAL_CHANNEL_APPROVED,PARTIAL_PRODUCT_CHANNEL,CORE_FOOD_FAMILY_DENOMINATOR,partial_family,product_channel,Lalithendra Chowdari Mandava,2026-08-20,Approved with limitation for supplier-network concentration analysis. This trade channel does not represent the full FBS product family and must not be interpreted as complete physical coverage of that family.,core_food_analytical_scopes.csv;core_food_supplier_network_summary.csv;core_food_readiness_policy.json
CF18_FBS2734,CF18,Poultry meat,PARTIAL_CHANNEL_APPROVED,PARTIAL_CHANNEL_APPROVED,PARTIAL_PRODUCT_CHANNEL,CORE_FOOD_FAMILY_DENOMINATOR,partial_family,product_channel,Lalithendra Chowdari Mandava,2026-08-20,Approved with limitation for supplier-network concentration analysis. This trade channel does not represent the full FBS product family and must not be interpreted as complete physical coverage of that family.,core_food_analytical_scopes.csv;core_food_supplier_network_summary.csv;core_food_readiness_policy.json
CF19_FBS2731,CF19,Bovine meat,PARTIAL_CHANNEL_APPROVED,PARTIAL_CHANNEL_APPROVED,PARTIAL_PRODUCT_CHANNEL,CORE_FOOD_FAMILY_DENOMINATOR,partial_family,product_channel,Lalithendra Chowdari Mandava,2026-08-20,Approved with limitation for supplier-network concentration analysis. This trade channel does not represent the full FBS product family and must not be interpreted as complete physical coverage of that family.,core_food_analytical_scopes.csv;core_food_supplier_network_summary.csv;core_food_readiness_policy.json
CF20_FBS2848,CF20,Milk excluding butter,CONVERSION_METHOD_REQUIRED,CONVERSION_METHOD_REQUIRED,CONVERSION_REQUIRED,CORE_FOOD_FAMILY_DENOMINATOR,milk_equivalent_required,product_channel,Lalithendra Chowdari Mandava,2026-08-20,"Retained on hold because physical comparability requires a documented and approved conversion method with versioned factors, factor provenance, uncertainty treatment, and double-counting controls.",core_food_analytical_scopes.csv;core_food_readiness_policy.json;conversion_method_pending
CF21_FBS2744,CF21,Eggs,CONVERSION_METHOD_REQUIRED,CONVERSION_METHOD_REQUIRED,CONVERSION_REQUIRED,CORE_FOOD_FAMILY_DENOMINATOR,egg_equivalent_review,data_review,Lalithendra Chowdari Mandava,2026-08-20,"Retained on hold because physical comparability requires a documented and approved conversion method with versioned factors, factor provenance, uncertainty treatment, and double-counting controls.",core_food_analytical_scopes.csv;core_food_readiness_policy.json;conversion_method_pending
